Unnamed: 0,Gender,Married,Dependents,Education,Self_Employed,ApplicantIncome,CoapplicantIncome,Loan_Amount_Term,Credit_History,Loan_Status,PAR_Rural,PAR_Semiurban,PAR_Urban,prediksi,label_asli
493,2.117107190754133,1.372089322158445,-0.7378063230712658,1.8926408936295356,-2.5471169737663755,1.9428923177180413,-0.5544873301529852,0.2732312961117544,0.41173269183271,-0.6745193127832111,-0.6414781780182107,1.2787467040220322,-0.7002080134759401,189.35613390497298,225.0
124,-0.4723426401682528,-0.7288155252362811,-0.7378063230712658,1.8926408936295356,0.392600736557975,-0.1807745017988236,0.1343270891578149,0.2732312961117544,0.41173269183271,-0.6745193127832111,1.5588994828934168,-0.7820157008848647,-0.7002080134759401,130.522589823474,194.0
95,-0.4723426401682528,1.372089322158445,-0.7378063230712658,-0.5283622494715786,0.392600736557975,0.225839788569213,-0.5544873301529852,0.2732312961117544,0.41173269183271,1.4825372395547665,-0.6414781780182107,-0.7820157008848647,1.4281470373865712,135.8616887018971,128.0
466,-0.4723426401682528,-0.7288155252362811,2.236021351102195,1.8926408936295356,0.392600736557975,-0.4024300758793852,0.0146224979171098,-2.522835634098532,-2.428760260810931,1.4825372395547665,-0.6414781780182107,-0.7820157008848647,1.4281470373865712,109.47412339553836,70.0
513,-0.4723426401682528,-0.7288155252362811,-0.7378063230712658,-0.5283622494715786,0.392600736557975,-0.5362753116693473,1.725372113305701,-2.522835634098532,0.41173269183271,1.4825372395547665,-0.6414781780182107,1.2787467040220322,-0.7002080134759401,159.44410310301015,70.0
447,-0.4723426401682528,-0.7288155252362811,-0.7378063230712658,-0.5283622494715786,0.392600736557975,-0.3054455231405142,-0.0838772800180989,0.2732312961117544,0.41173269183271,1.4825372395547665,1.5588994828934168,-0.7820157008848647,-0.7002080134759401,145.08957710986857,55.0
485,-0.4723426401682528,-0.7288155252362811,0.2534695683198878,1.8926408936295356,0.392600736557975,-0.5644532560461814,0.2786566248823222,0.2732312961117544,0.41173269183271,-0.6745193127832111,1.5588994828934168,-0.7820157008848647,-0.7002080134759401,120.56650343630014,131.0
82,2.117107190754133,-0.7288155252362811,1.2447454597110414,-0.5283622494715786,0.392600736557975,-0.6594719056889942,0.088839344486347,0.2732312961117544,0.41173269183271,1.4825372395547665,-0.6414781780182107,-0.7820157008848647,1.4281470373865712,114.42999009102192,167.0
482,-0.4723426401682528,-0.7288155252362811,-0.7378063230712658,-0.5283622494715786,0.392600736557975,-0.5439750987955752,0.5228539910133606,0.2732312961117544,0.41173269183271,-0.6745193127832111,-0.6414781780182107,1.2787467040220322,-0.7002080134759401,128.85083460242737,128.0
576,-0.4723426401682528,-0.7288155252362811,-0.7378063230712658,-0.5283622494715786,0.392600736557975,-0.3794945397587062,0.2013616602526098,0.2732312961117544,-2.428760260810931,1.4825372395547665,-0.6414781780182107,1.2787467040220322,-0.7002080134759401,133.54144206735788,136.0
458,-0.4723426401682528,1.372089322158445,1.2447454597110414,-0.5283622494715786,0.392600736557975,-0.1719279378665617,-0.5544873301529852,0.2732312961117544,0.41173269183271,-0.6745193127832111,1.5588994828934168,-0.7820157008848647,-0.7002080134759401,121.66291623032436,136.0
87,-0.4723426401682528,-0.7288155252362811,-0.7378063230712658,-0.5283622494715786,0.392600736557975,-0.4756599662075529,0.1698964534121958,0.2732312961117544,0.41173269183271,-0.6745193127832111,-0.6414781780182107,1.2787467040220322,-0.7002080134759401,122.67282008743047,104.0
535,-0.4723426401682528,1.372089322158445,-0.7378063230712658,1.8926408936295356,0.392600736557975,-0.4674687033073104,0.1439034564570713,0.2732312961117544,0.41173269183271,-0.6745193127832111,1.5588994828934168,-0.7820157008848647,-0.7002080134759401,113.59425272431241,126.0
386,-0.4723426401682528,1.372089322158445,-0.7378063230712658,1.8926408936295356,0.392600736557975,-0.5008890559402998,-0.0072663416240476,0.2732312961117544,0.41173269183271,-0.6745193127832111,-0.6414781780182107,1.2787467040220322,-0.7002080134759401,102.26659795164147,132.0
354,2.117107190754133,-0.7288155252362811,-0.7378063230712658,-0.5283622494715786,0.392600736557975,-0.4882745110739263,-0.3817707056485393,0.2732312961117544,0.41173269183271,-0.6745193127832111,-0.6414781780182107,1.2787467040220322,-0.7002080134759401,104.59998594381165,130.0
202,-0.4723426401682528,-0.7288155252362811,2.236021351102195,1.8926408936295356,0.392600736557975,-0.2312326812643173,-0.5544873301529852,-2.522835634098532,0.41173269183271,1.4825372395547665,-0.6414781780182107,-0.7820157008848647,1.4281470373865712,112.29054156476474,128.0
256,-0.4723426401682528,1.372089322158445,-0.7378063230712658,1.8926408936295356,0.392600736557975,0.1051005734196388,-0.5544873301529852,0.2732312961117544,-2.428760260810931,1.4825372395547665,1.5588994828934168,-0.7820157008848647,-0.7002080134759401,125.08189751638116,115.0
144,-0.4723426401682528,-0.7288155252362811,1.2447454597110414,-0.5283622494715786,0.392600736557975,1.04087044714334,-0.5544873301529852,-2.522835634098532,0.41173269183271,-0.6745193127832111,-0.6414781780182107,-0.7820157008848647,1.4281470373865712,158.36159595437772,187.0
577,-0.4723426401682528,1.372089322158445,-0.7378063230712658,-0.5283622494715786,0.392600736557975,-0.3562313531220176,0.3822865995849898,0.2732312961117544,0.41173269183271,-0.6745193127832111,-0.6414781780182107,-0.7820157008848647,1.4281470373865712,121.12860470014408,110.0
401,-0.4723426401682528,1.372089322158445,-0.7378063230712658,1.8926408936295356,0.392600736557975,-0.4338845254163163,-0.5544873301529852,-0.6587910139583409,0.41173269183271,1.4825372395547665,1.5588994828934168,-0.7820157008848647,-0.7002080134759401,111.18310311549709,65.0
575,-0.4723426401682528,-0.7288155252362811,1.2447454597110414,-0.5283622494715786,0.392600736557975,-0.367699121182357,-0.3968192828330851,-4.014071330210684,0.41173269183271,-0.6745193127832111,-0.6414781780182107,-0.7820157008848647,1.4281470373865712,105.09022341132646,108.0
175,-0.4723426401682528,-0.7288155252362811,-0.7378063230712658,-0.5283622494715786,0.392600736557975,-0.3123261839767178,0.1172264332662856,0.2732312961117544,0.41173269183271,-0.6745193127832111,1.5588994828934168,-0.7820157008848647,-0.7002080134759401,134.80789496498898,116.0
363,-0.4723426401682528,-0.7288155252362811,-0.7378063230712658,-0.5283622494715786,0.392600736557975,-0.391617608851065,0.4828384562271821,-0.6587910139583409,0.41173269183271,-0.6745193127832111,-0.6414781780182107,-0.7820157008848647,1.4281470373865712,126.54242859239008,95.0
16,-0.4723426401682528,1.372089322158445,0.2534695683198878,1.8926408936295356,0.392600736557975,-0.2961074834342377,-0.5544873301529852,-1.5908133240284363,0.41173269183271,-0.6745193127832111,-0.6414781780182107,-0.7820157008848647,1.4281470373865712,89.34056570724812,100.0
79,-0.4723426401682528,-0.7288155252362811,2.236021351102195,1.8926408936295356,-2.5471169737663755,-0.3391935262895132,0.186313083068064,0.2732312961117544,0.41173269183271,-0.6745193127832111,-0.6414781780182107,1.2787467040220322,-0.7002080134759401,129.7225185431917,130.0
407,2.117107190754133,1.372089322158445,-0.7378063230712658,1.8926408936295356,0.392600736557975,-0.5226778152549447,-0.5544873301529852,0.2732312961117544,0.41173269183271,-0.6745193127832111,1.5588994828934168,-0.7820157008848647,-0.7002080134759401,89.02753442577801,66.0
432,-0.4723426401682528,1.372089322158445,-0.7378063230712658,-0.5283622494715786,0.392600736557975,1.2241909108507665,-0.5544873301529852,0.2732312961117544,0.41173269183271,-0.6745193127832111,-0.6414781780182107,1.2787467040220322,-0.7002080134759401,169.01733452168543,405.0
365,-0.4723426401682528,1.372089322158445,-0.7378063230712658,1.8926408936295356,0.392600736557975,0.1331146925384681,-0.5544873301529852,0.2732312961117544,0.41173269183271,1.4825372395547665,1.5588994828934168,-0.7820157008848647,-0.7002080134759401,135.26052063135563,133.0
487,-0.4723426401682528,-0.7288155252362811,0.2534695683198878,-0.5283622494715786,0.392600736557975,2.1181853437832308,-0.5544873301529852,0.2732312961117544,0.41173269183271,1.4825372395547665,-0.6414781780182107,-0.7820157008848647,1.4281470373865712,220.4534394060857,500.0
19,-0.4723426401682528,-0.7288155252362811,-0.7378063230712658,-0.5283622494715786,0.392600736557975,-0.4592774404070679,0.6425585822540657,0.2732312961117544,0.41173269183271,-0.6745193127832111,-0.6414781780182107,-0.7820157008848647,1.4281470373865712,127.31733591262406,115.0
523,-0.4723426401682528,-0.7288155252362811,1.2447454597110414,-0.5283622494715786,-2.5471169737663755,0.4168600394028676,1.8963786722209937,0.2732312961117544,0.41173269183271,-0.6745193127832111,1.5588994828934168,-0.7820157008848647,-0.7002080134759401,210.41946603581442,480.0
605,-0.4723426401682528,-0.7288155252362811,-0.7378063230712658,1.8926408936295356,0.392600736557975,-0.4920424920080379,0.7451625176032415,-2.522835634098532,0.41173269183271,1.4825372395547665,-0.6414781780182107,-0.7820157008848647,1.4281470373865712,128.00054518004896,128.0
519,2.117107190754133,1.372089322158445,-0.7378063230712658,1.8926408936295356,0.392600736557975,-0.3282172340031883,-0.5544873301529852,0.2732312961117544,0.41173269183271,1.4825372395547665,1.5588994828934168,-0.7820157008848647,-0.7002080134759401,109.81782643097819,95.0
550,-0.4723426401682528,-0.7288155252362811,1.2447454597110414,-0.5283622494715786,-2.5471169737663755,0.2014298251264904,-0.5544873301529852,0.2732312961117544,-2.428760260810931,1.4825372395547665,1.5588994828934168,-0.7820157008848647,-0.7002080134759401,158.18677905358624,128.0
319,-0.4723426401682528,-0.7288155252362811,0.2534695683198878,-0.5283622494715786,-2.5471169737663755,0.753029468828819,-0.5544873301529852,0.2732312961117544,0.41173269183271,1.4825372395547665,1.5588994828934168,-0.7820157008848647,-0.7002080134759401,186.74130858960694,155.0
552,-0.4723426401682528,-0.7288155252362811,0.2534695683198878,-0.5283622494715786,0.392600736557975,-0.3391935262895132,0.5570553027964192,0.2732312961117544,0.41173269183271,-0.6745193127832111,-0.6414781780182107,-0.7820157008848647,1.4281470373865712,133.48260818811383,158.0
207,-0.4723426401682528,1.372089322158445,-0.7378063230712658,1.8926408936295356,0.392600736557975,-0.2340177106503997,0.3111478710762279,0.2732312961117544,0.41173269183271,-0.6745193127832111,1.5588994828934168,-0.7820157008848647,-0.7002080134759401,124.41096924375876,55.0
562,-0.4723426401682528,-0.7288155252362811,-0.7378063230712658,-0.5283622494715786,0.392600736557975,0.0851138919430472,0.1480076138710383,0.2732312961117544,0.41173269183271,-0.6745193127832111,1.5588994828934168,-0.7820157008848647,-0.7002080134759401,152.91933403303398,211.0
80,2.117107190754133,1.372089322158445,-0.7378063230712658,-0.5283622494715786,0.392600736557975,-0.2551511689330253,-0.5544873301529852,0.2732312961117544,0.41173269183271,-0.6745193127832111,-0.6414781780182107,1.2787467040220322,-0.7002080134759401,101.1227572095259,111.0
501,2.117107190754133,1.372089322158445,-0.7378063230712658,-0.5283622494715786,0.392600736557975,-0.367699121182357,-0.5544873301529852,0.2732312961117544,0.41173269183271,-0.6745193127832111,-0.6414781780182107,1.2787467040220322,-0.7002080134759401,98.78403577277919,100.0
154,-0.4723426401682528,1.372089322158445,-0.7378063230712658,-0.5283622494715786,0.392600736557975,-0.3521357216718963,-0.5544873301529852,0.2732312961117544,0.41173269183271,-0.6745193127832111,-0.6414781780182107,-0.7820157008848647,1.4281470373865712,100.8638157426422,50.0
86,-0.4723426401682528,-0.7288155252362811,1.2447454597110414,1.8926408936295356,0.392600736557975,-0.3391935262895132,0.1295389055081867,0.2732312961117544,0.41173269183271,-0.6745193127832111,-0.6414781780182107,1.2787467040220322,-0.7002080134759401,118.69187392997543,99.0
201,-0.4723426401682528,1.372089322158445,1.2447454597110414,-0.5283622494715786,0.392600736557975,-0.0787113660618023,-0.5544873301529852,0.2732312961117544,-2.428760260810931,-0.6745193127832111,-0.6414781780182107,1.2787467040220322,-0.7002080134759401,109.19028497959795,166.0
71,-0.4723426401682528,-0.7288155252362811,1.2447454597110414,1.8926408936295356,-2.5471169737663755,-0.5780507524605839,0.0867872657793634,0.2732312961117544,0.41173269183271,-0.6745193127832111,-0.6414781780182107,1.2787467040220322,-0.7002080134759401,117.86572052420803,97.0
308,-0.4723426401682528,1.372089322158445,-0.7378063230712658,-0.5283622494715786,0.392600736557975,2.429453333992445,-0.5544873301529852,0.2732312961117544,0.41173269183271,1.4825372395547665,1.5588994828934168,-0.7820157008848647,-0.7002080134759401,234.63469053647265,480.0
505,-0.4723426401682528,-0.7288155252362811,1.2447454597110414,-0.5283622494715786,0.392600736557975,-0.3101964556226548,0.9558425981868824,0.2732312961117544,0.41173269183271,-0.6745193127832111,1.5588994828934168,-0.7820157008848647,-0.7002080134759401,153.92581253271334,243.0
214,-0.4723426401682528,-0.7288155252362811,-0.7378063230712658,-0.5283622494715786,0.392600736557975,-0.3654055675702891,0.478734298813215,0.2732312961117544,0.41173269183271,-0.6745193127832111,-0.6414781780182107,-0.7820157008848647,1.4281470373865712,128.75738431942142,137.0
418,-0.4723426401682528,-0.7288155252362811,-0.7378063230712658,-0.5283622494715786,0.392600736557975,-0.717302221764706,0.3939150455912297,0.2732312961117544,0.41173269183271,-0.6745193127832111,1.5588994828934168,-0.7820157008848647,-0.7002080134759401,125.52962820248928,112.0
416,2.117107190754133,1.372089322158445,0.2534695683198878,-0.5283622494715786,0.392600736557975,-0.4592774404070679,-0.5544873301529852,0.2732312961117544,0.41173269183271,1.4825372395547665,-0.6414781780182107,-0.7820157008848647,1.4281470373865712,102.95524762314295,160.0
490,-0.4723426401682528,1.372089322158445,-0.7378063230712658,1.8926408936295356,0.392600736557975,-0.4430587398645879,0.3980192030051967,0.2732312961117544,0.41173269183271,-0.6745193127832111,-0.6414781780182107,1.2787467040220322,-0.7002080134759401,112.98310696158575,96.0
195,-0.4723426401682528,-0.7288155252362811,0.2534695683198878,-0.5283622494715786,0.392600736557975,-0.3732691799545219,0.3289325532034183,0.2732312961117544,0.41173269183271,1.4825372395547665,-0.6414781780182107,1.2787467040220322,-0.7002080134759401,143.4376933004342,170.0
57,-0.4723426401682528,-0.7288155252362811,-0.7378063230712658,-0.5283622494715786,0.392600736557975,-0.3337872927753532,0.1979415290743039,0.2732312961117544,0.41173269183271,1.4825372395547665,1.5588994828934168,-0.7820157008848647,-0.7002080134759401,147.5684121180994,135.0
259,-0.4723426401682528,-0.7288155252362811,2.236021351102195,1.8926408936295356,0.392600736557975,-0.0774007639977635,-0.5544873301529852,0.2732312961117544,0.41173269183271,1.4825372395547665,-0.6414781780182107,1.2787467040220322,-0.7002080134759401,129.53086747444019,128.0
443,-0.4723426401682528,1.372089322158445,0.2534695683198878,-0.5283622494715786,0.392600736557975,5.294101795465245,-0.5544873301529852,0.2732312961117544,0.41173269183271,-0.6745193127832111,-0.6414781780182107,1.2787467040220322,-0.7002080134759401,329.29794154216785,152.0
116,2.117107190754133,-0.7288155252362811,-0.7378063230712658,-0.5283622494715786,0.392600736557975,-0.3663885191183182,0.2263286178542425,0.2732312961117544,0.41173269183271,-0.6745193127832111,-0.6414781780182107,1.2787467040220322,-0.7002080134759401,120.1121088442406,154.0
371,-0.4723426401682528,-0.7288155252362811,1.2447454597110414,-0.5283622494715786,0.392600736557975,-0.0357891484645317,-0.5544873301529852,0.2732312961117544,0.41173269183271,-0.6745193127832111,-0.6414781780182107,1.2787467040220322,-0.7002080134759401,128.14814967725675,155.0
568,2.117107190754133,1.372089322158445,-0.7378063230712658,-0.5283622494715786,0.392600736557975,-0.4956466476841445,-0.5544873301529852,0.2732312961117544,0.41173269183271,1.4825372395547665,-0.6414781780182107,-0.7820157008848647,1.4281470373865712,101.78359888866095,9.0
538,-0.4723426401682528,-0.7288155252362811,-0.7378063230712658,1.8926408936295356,0.392600736557975,-0.4073448336195306,-0.3711682989957912,0.2732312961117544,0.41173269183271,1.4825372395547665,1.5588994828934168,-0.7820157008848647,-0.7002080134759401,126.38465074120455,66.0
304,-0.4723426401682528,1.372089322158445,-0.7378063230712658,-0.5283622494715786,0.392600736557975,-0.2299220792002785,0.3005454644234797,0.2732312961117544,0.41173269183271,-0.6745193127832111,1.5588994828934168,-0.7820157008848647,-0.7002080134759401,134.37431939053482,140.0
417,-0.4723426401682528,-0.7288155252362811,1.2447454597110414,-0.5283622494715786,-2.5471169737663755,-0.6231026984119176,6.285775026458735,0.2732312961117544,0.41173269183271,1.4825372395547665,-0.6414781780182107,-0.7820157008848647,1.4281470373865712,256.3716322896899,239.0
548,2.117107190754133,1.372089322158445,-0.7378063230712658,-0.5283622494715786,0.392600736557975,-0.0660968211954289,-0.5544873301529852,0.2732312961117544,-2.428760260810931,1.4825372395547665,-0.6414781780182107,1.2787467040220322,-0.7002080134759401,114.91738462115887,103.0
253,-0.4723426401682528,-0.7288155252362811,0.2534695683198878,1.8926408936295356,0.392600736557975,-0.4492840996687721,1.8741478195620056,-2.522835634098532,0.41173269183271,-0.6745193127832111,-0.6414781780182107,1.2787467040220322,-0.7002080134759401,142.84494776487833,279.0
312,2.117107190754133,1.372089322158445,-0.7378063230712658,-0.5283622494715786,0.392600736557975,-0.474513189401519,-0.5544873301529852,0.2732312961117544,0.41173269183271,-0.6745193127832111,1.5588994828934168,-0.7820157008848647,-0.7002080134759401,99.98011046531161,56.0
433,-0.4723426401682528,-0.7288155252362811,-0.7378063230712658,-0.5283622494715786,0.392600736557975,-0.4879468605579166,0.2458233655705859,0.2732312961117544,0.41173269183271,-0.6745193127832111,-0.6414781780182107,1.2787467040220322,-0.7002080134759401,125.38502939318556,143.0
84,-0.4723426401682528,-0.7288155252362811,0.2534695683198878,-0.5283622494715786,0.392600736557975,-0.2318879822963367,-0.5544873301529852,-1.5908133240284363,0.41173269183271,-0.6745193127832111,-0.6414781780182107,-0.7820157008848647,1.4281470373865712,109.62095666466763,50.0
22,-0.4723426401682528,-0.7288155252362811,-0.7378063230712658,1.8926408936295356,0.392600736557975,-0.4592774404070679,0.0990997380212645,0.2732312961117544,-2.428760260810931,1.4825372395547665,-0.6414781780182107,1.2787467040220322,-0.7002080134759401,116.14212167088687,116.0
199,-0.4723426401682528,1.372089322158445,-0.7378063230712658,-0.5283622494715786,-2.5471169737663755,0.9168547268336686,-0.5544873301529852,0.2732312961117544,0.41173269183271,1.4825372395547665,-0.6414781780182107,-0.7820157008848647,1.4281470373865712,172.95453955266117,83.0
580,-0.4723426401682528,-0.7288155252362811,1.2447454597110414,-0.5283622494715786,0.392600736557975,0.1861940761320394,-0.5544873301529852,0.2732312961117544,0.41173269183271,-0.6745193127832111,-0.6414781780182107,1.2787467040220322,-0.7002080134759401,137.8921322185734,205.0
544,2.117107190754133,-0.7288155252362811,-0.7378063230712658,1.8926408936295356,0.392600736557975,-0.3909623078190457,-0.3277326330313067,0.2732312961117544,0.41173269183271,-0.6745193127832111,-0.6414781780182107,1.2787467040220322,-0.7002080134759401,100.88372766703384,102.0
209,-0.4723426401682528,1.372089322158445,-0.7378063230712658,-0.5283622494715786,0.392600736557975,-0.325268379359101,-0.5544873301529852,0.2732312961117544,0.41173269183271,1.4825372395547665,-0.6414781780182107,1.2787467040220322,-0.7002080134759401,119.71020859266997,127.0
613,2.117107190754133,1.372089322158445,-0.7378063230712658,-0.5283622494715786,-2.5471169737663755,-0.1344119537834512,-0.5544873301529852,0.2732312961117544,-2.428760260810931,1.4825372395547665,-0.6414781780182107,1.2787467040220322,-0.7002080134759401,122.01630028528876,133.0
31,-0.4723426401682528,1.372089322158445,-0.7378063230712658,-0.5283622494715786,0.392600736557975,-0.3663885191183182,-0.5544873301529852,0.2732312961117544,0.41173269183271,1.4825372395547665,-0.6414781780182107,-0.7820157008848647,1.4281470373865712,112.3025663741492,74.0
135,-0.4723426401682528,-0.7288155252362811,2.236021351102195,-0.5283622494715786,0.392600736557975,-0.2299220792002785,2.096114333034056,0.2732312961117544,0.41173269183271,1.4825372395547665,-0.6414781780182107,1.2787467040220322,-0.7002080134759401,184.34910066617437,290.0
107,-0.4723426401682528,1.372089322158445,-0.7378063230712658,1.8926408936295356,0.392600736557975,0.3161075057298851,-0.5544873301529852,0.2732312961117544,0.41173269183271,1.4825372395547665,1.5588994828934168,-0.7820157008848647,-0.7002080134759401,141.16870651050255,120.0
326,-0.4723426401682528,1.372089322158445,-0.7378063230712658,-0.5283622494715786,0.392600736557975,-0.0796943176098314,-0.5544873301529852,0.2732312961117544,-2.428760260810931,-0.6745193127832111,1.5588994828934168,-0.7820157008848647,-0.7002080134759401,115.10074227436695,130.0
480,2.117107190754133,1.372089322158445,-0.7378063230712658,1.8926408936295356,0.392600736557975,-0.1725832388985811,-0.5544873301529852,0.2732312961117544,0.41173269183271,-0.6745193127832111,1.5588994828934168,-0.7820157008848647,-0.7002080134759401,103.12807668046577,154.0
444,-0.4723426401682528,-0.7288155252362811,-0.7378063230712658,-0.5283622494715786,0.392600736557975,0.3161075057298851,2.295507980729288,-0.6587910139583409,0.41173269183271,-0.6745193127832111,1.5588994828934168,-0.7820157008848647,-0.7002080134759401,201.43742800142633,175.0
584,-0.4723426401682528,-0.7288155252362811,0.2534695683198878,-0.5283622494715786,0.392600736557975,-0.4286421171601611,0.101151816728248,0.2732312961117544,-2.428760260810931,1.4825372395547665,1.5588994828934168,-0.7820157008848647,-0.7002080134759401,136.50641109665872,146.0
273,-0.4723426401682528,-0.7288155252362811,-0.7378063230712658,-0.5283622494715786,0.392600736557975,-0.456000935246971,0.2058078307844074,0.2732312961117544,0.41173269183271,-0.6745193127832111,-0.6414781780182107,1.2787467040220322,-0.7002080134759401,125.06560433120018,150.0
42,-0.4723426401682528,-0.7288155252362811,-0.7378063230712658,-0.5283622494715786,0.392600736557975,-0.4920424920080379,-0.5544873301529852,0.2732312961117544,0.41173269183271,-0.6745193127832111,-0.6414781780182107,-0.7820157008848647,1.4281470373865712,102.71295753194414,75.0
414,2.117107190754133,-0.7288155252362811,-0.7378063230712658,1.8926408936295356,0.392600736557975,-0.5331626317672551,0.5526091322646216,0.2732312961117544,-2.428760260810931,1.4825372395547665,-0.6414781780182107,1.2787467040220322,-0.7002080134759401,115.95790029482583,178.0
33,-0.4723426401682528,-0.7288155252362811,-0.7378063230712658,-0.5283622494715786,0.392600736557975,-0.3118347082027033,0.0156485372706015,0.2732312961117544,0.41173269183271,-0.6745193127832111,-0.6414781780182107,1.2787467040220322,-0.7002080134759401,125.81648897543624,114.0
378,-0.4723426401682528,1.372089322158445,-0.7378063230712658,-0.5283622494715786,0.392600736557975,-0.3824433944027935,-0.5544873301529852,2.137275916251945,0.41173269183271,1.4825372395547665,-0.6414781780182107,-0.7820157008848647,1.4281470373865712,117.38987700687272,71.0
300,-0.4723426401682528,-0.7288155252362811,-0.7378063230712658,1.8926408936295356,0.392600736557975,-0.5903376468109477,0.448979157561954,0.2732312961117544,-2.428760260810931,1.4825372395547665,-0.6414781780182107,-0.7820157008848647,1.4281470373865712,114.30467949984728,93.0
368,-0.4723426401682528,-0.7288155252362811,0.2534695683198878,-0.5283622494715786,0.392600736557975,0.1509716456609967,-0.5544873301529852,0.2732312961117544,0.41173269183271,-0.6745193127832111,-0.6414781780182107,1.2787467040220322,-0.7002080134759401,134.96845211277383,175.0
83,-0.4723426401682528,-0.7288155252362811,-0.7378063230712658,-0.5283622494715786,0.392600736557975,0.0977284368094206,0.2150421849658332,0.2732312961117544,0.41173269183271,1.4825372395547665,-0.6414781780182107,1.2787467040220322,-0.7002080134759401,158.64591474258037,265.0
506,-0.4723426401682528,-0.7288155252362811,-0.7378063230712658,-0.5283622494715786,0.392600736557975,2.5277484887953547,1.7257141264235314,0.2732312961117544,0.41173269183271,-0.6745193127832111,-0.6414781780182107,-0.7820157008848647,1.4281470373865712,268.1559083920102,480.0
360,2.117107190754133,1.372089322158445,0.2534695683198878,-0.5283622494715786,0.392600736557975,-0.1114764176627722,-0.5544873301529852,0.2732312961117544,0.41173269183271,1.4825372395547665,-0.6414781780182107,1.2787467040220322,-0.7002080134759401,121.24394226521969,81.0
585,-0.4723426401682528,-0.7288155252362811,0.2534695683198878,-0.5283622494715786,0.392600736557975,-0.1835595311849061,0.4715520233387727,-4.014071330210684,0.41173269183271,1.4825372395547665,1.5588994828934168,-0.7820157008848647,-0.7002080134759401,152.71175363985373,172.0
374,2.117107190754133,1.372089322158445,-0.7378063230712658,-0.5283622494715786,0.392600736557975,-0.4324100980942726,-0.0554901912381602,0.2732312961117544,0.41173269183271,-0.6745193127832111,-0.6414781780182107,-0.7820157008848647,1.4281470373865712,100.47010401708673,110.0
396,2.117107190754133,1.372089322158445,-0.7378063230712658,-0.5283622494715786,0.392600736557975,-0.3642587907642552,-0.5544873301529852,0.2732312961117544,-2.428760260810931,1.4825372395547665,-0.6414781780182107,-0.7820157008848647,1.4281470373865712,97.54999245304049,71.0
278,-0.4723426401682528,-0.7288155252362811,-0.7378063230712658,-0.5283622494715786,0.392600736557975,1.5038406262650446,-0.5544873301529852,0.2732312961117544,0.41173269183271,-0.6745193127832111,-0.6414781780182107,1.2787467040220322,-0.7002080134759401,187.1254413991074,436.0
446,-0.4723426401682528,-0.7288155252362811,1.2447454597110414,1.8926408936295356,0.392600736557975,-0.1231080109811166,-0.5544873301529852,0.2732312961117544,0.41173269183271,-0.6745193127832111,1.5588994828934168,-0.7820157008848647,-0.7002080134759401,121.88143035955278,110.0
89,-0.4723426401682528,-0.7288155252362811,-0.7378063230712658,-0.5283622494715786,0.392600736557975,0.0477617331179415,0.8706813318470665,0.2732312961117544,0.41173269183271,-0.6745193127832111,-0.6414781780182107,1.2787467040220322,-0.7002080134759401,156.94316498050017,175.0
210,2.117107190754133,1.372089322158445,-0.7378063230712658,-0.5283622494715786,0.392600736557975,0.753029468828819,-0.5544873301529852,0.2732312961117544,0.41173269183271,1.4825372395547665,-0.6414781780182107,1.2787467040220322,-0.7002080134759401,153.93795056388905,214.0
64,2.117107190754133,1.372089322158445,-0.7378063230712658,-0.5283622494715786,0.392600736557975,-0.2027270863714735,-0.5544873301529852,0.2732312961117544,-2.428760260810931,1.4825372395547665,-0.6414781780182107,1.2787467040220322,-0.7002080134759401,107.16559309245628,116.0
393,-0.4723426401682528,-0.7288155252362811,1.2447454597110414,1.8926408936295356,0.392600736557975,-0.5587193720160116,0.0012839863217169,-2.522835634098532,0.41173269183271,-0.6745193127832111,-0.6414781780182107,1.2787467040220322,-0.7002080134759401,103.07475880771659,113.0
481,-0.4723426401682528,-0.7288155252362811,2.236021351102195,1.8926408936295356,0.392600736557975,-0.3781839376946674,-0.5544873301529852,0.2732312961117544,0.41173269183271,-0.6745193127832111,1.5588994828934168,-0.7820157008848647,-0.7002080134759401,112.53794823027698,113.0
426,2.117107190754133,1.372089322158445,0.2534695683198878,1.8926408936295356,0.392600736557975,-0.1306439728493396,-0.5544873301529852,0.2732312961117544,0.41173269183271,1.4825372395547665,1.5588994828934168,-0.7820157008848647,-0.7002080134759401,117.60752215495,81.0
271,-0.4723426401682528,-0.7288155252362811,-0.7378063230712658,-0.5283622494715786,0.392600736557975,0.9407732145023766,-0.5544873301529852,0.2732312961117544,0.41173269183271,-0.6745193127832111,-0.6414781780182107,-0.7820157008848647,1.4281470373865712,160.07716989382885,136.0
108,-0.4723426401682528,-0.7288155252362811,1.2447454597110414,-0.5283622494715786,0.392600736557975,-0.2626871308012484,0.6767598940371243,0.2732312961117544,-2.428760260810931,1.4825372395547665,-0.6414781780182107,-0.7820157008848647,1.4281470373865712,141.1954795633747,216.0
309,-0.4723426401682528,-0.7288155252362811,1.2447454597110414,1.8926408936295356,0.392600736557975,0.3708251419035049,-0.5544873301529852,0.2732312961117544,0.41173269183271,-0.6745193127832111,1.5588994828934168,-0.7820157008848647,-0.7002080134759401,140.59044597352755,185.0
455,-0.4723426401682528,-0.7288155252362811,1.2447454597110414,-0.5283622494715786,0.392600736557975,-0.2530214405789623,-0.5544873301529852,0.2732312961117544,0.41173269183271,-0.6745193127832111,-0.6414781780182107,1.2787467040220322,-0.7002080134759401,120.03714433384727,96.0
227,-0.4723426401682528,-0.7288155252362811,1.2447454597110414,-0.5283622494715786,0.392600736557975,0.138684751310633,0.025224904569858,0.2732312961117544,0.41173269183271,-0.6745193127832111,-0.6414781780182107,1.2787467040220322,-0.7002080134759401,145.63258533925824,210.0
503,-0.4723426401682528,-0.7288155252362811,0.2534695683198878,1.8926408936295356,0.392600736557975,-0.221730816300036,1.2588662205847816,0.2732312961117544,0.41173269183271,1.4825372395547665,1.5588994828934168,-0.7820157008848647,-0.7002080134759401,165.89901158218987,138.0
206,2.117107190754133,1.372089322158445,-0.7378063230712658,-0.5283622494715786,0.392600736557975,-0.3537739742519448,-0.5544873301529852,0.2732312961117544,0.41173269183271,-0.6745193127832111,-0.6414781780182107,-0.7820157008848647,1.4281470373865712,92.95913397144892,80.0
260,-0.4723426401682528,-0.7288155252362811,0.2534695683198878,-0.5283622494715786,0.392600736557975,0.1113259332238231,0.8990684206270051,0.2732312961117544,0.41173269183271,-0.6745193127832111,-0.6414781780182107,-0.7820157008848647,1.4281470373865712,156.4174026501815,330.0
402,-0.4723426401682528,1.372089322158445,-0.7378063230712658,-0.5283622494715786,0.392600736557975,-0.4756599662075529,6.285775026458735,0.2732312961117544,0.41173269183271,-0.6745193127832111,-0.6414781780182107,1.2787467040220322,-0.7002080134759401,236.0523879438943,103.0
324,-0.4723426401682528,-0.7288155252362811,2.236021351102195,-0.5283622494715786,0.392600736557975,1.5721557588530668,-0.5544873301529852,0.2732312961117544,0.41173269183271,-0.6745193127832111,1.5588994828934168,-0.7820157008848647,-0.7002080134759401,197.83902011648303,300.0
21,-0.4723426401682528,-0.7288155252362811,0.2534695683198878,-0.5283622494715786,0.392600736557975,0.0903563001992024,1.3693364576440608,0.2732312961117544,0.41173269183271,-0.6745193127832111,-0.6414781780182107,-0.7820157008848647,1.4281470373865712,163.61991262895123,315.0
205,2.117107190754133,1.372089322158445,-0.7378063230712658,1.8926408936295356,0.392600736557975,-0.1630813739342999,-0.5544873301529852,0.2732312961117544,0.41173269183271,-0.6745193127832111,-0.6414781780182107,1.2787467040220322,-0.7002080134759401,95.82206317664082,120.0
307,2.117107190754133,1.372089322158445,-0.7378063230712658,-0.5283622494715786,0.392600736557975,-0.4920424920080379,0.0826831083653964,0.2732312961117544,-2.428760260810931,1.4825372395547665,-0.6414781780182107,-0.7820157008848647,1.4281470373865712,104.56800333046255,104.0
563,-0.4723426401682528,1.372089322158445,-0.7378063230712658,1.8926408936295356,-2.5471169737663755,0.0649633852084507,-0.5544873301529852,0.2732312961117544,0.41173269183271,-0.6745193127832111,-0.6414781780182107,1.2787467040220322,-0.7002080134759401,124.09582576236704,132.0
448,-0.4723426401682528,-0.7288155252362811,1.2447454597110414,-0.5283622494715786,0.392600736557975,-0.3380467494834793,0.0303551013373167,0.2732312961117544,-2.428760260810931,1.4825372395547665,1.5588994828934168,-0.7820157008848647,-0.7002080134759401,138.49942701676179,150.0
316,-0.4723426401682528,-0.7288155252362811,1.2447454597110414,-0.5283622494715786,0.392600736557975,-0.2762846272156509,-0.5544873301529852,0.2732312961117544,0.41173269183271,-0.6745193127832111,-0.6414781780182107,1.2787467040220322,-0.7002080134759401,118.43790314934,120.0
554,-0.4723426401682528,-0.7288155252362811,-0.7378063230712658,-0.5283622494715786,0.392600736557975,-0.2965989592082523,0.9045406305122944,-2.522835634098532,-2.428760260810931,1.4825372395547665,1.5588994828934168,-0.7820157008848647,-0.7002080134759401,150.76567802886262,132.0
380,-0.4723426401682528,-0.7288155252362811,-0.7378063230712658,-0.5283622494715786,0.392600736557975,-0.3391935262895132,0.3005454644234797,0.2732312961117544,0.41173269183271,-0.6745193127832111,-0.6414781780182107,1.2787467040220322,-0.7002080134759401,132.03266557468584,128.0
415,2.117107190754133,1.372089322158445,-0.7378063230712658,-0.5283622494715786,0.392600736557975,-0.3945664634951524,-0.5544873301529852,0.2732312961117544,0.41173269183271,-0.6745193127832111,-0.6414781780182107,-0.7820157008848647,1.4281470373865712,92.38996913347643,60.0
464,-0.4723426401682528,1.372089322158445,-0.7378063230712658,-0.5283622494715786,0.392600736557975,-0.2027270863714735,-0.5544873301529852,0.2732312961117544,-2.428760260810931,1.4825372395547665,-0.6414781780182107,1.2787467040220322,-0.7002080134759401,117.23746626678172,98.0
104,-0.4723426401682528,-0.7288155252362811,-0.7378063230712658,-0.5283622494715786,0.392600736557975,-0.2600659266731708,-0.2966094393087234,0.2732312961117544,0.41173269183271,-0.6745193127832111,-0.6414781780182107,-0.7820157008848647,1.4281470373865712,117.17134311658725,160.0
182,-0.4723426401682528,-0.7288155252362811,-0.7378063230712658,-0.5283622494715786,0.392600736557975,-0.1316269243973687,-0.5544873301529852,-2.522835634098532,0.41173269183271,-0.6745193127832111,-0.6414781780182107,1.2787467040220322,-0.7002080134759401,116.45791437875147,73.0
187,-0.4723426401682528,-0.7288155252362811,-0.7378063230712658,-0.5283622494715786,0.392600736557975,-0.4948275213941203,0.1767367157688076,0.2732312961117544,0.41173269183271,-0.6745193127832111,1.5588994828934168,-0.7820157008848647,-0.7002080134759401,128.869420791506,58.0
3,-0.4723426401682528,-0.7288155252362811,-0.7378063230712658,1.8926408936295356,0.392600736557975,-0.4620624697931504,0.2519796016915365,0.2732312961117544,0.41173269183271,-0.6745193127832111,-0.6414781780182107,-0.7820157008848647,1.4281470373865712,109.95224635563801,120.0
130,-0.4723426401682528,1.372089322158445,-0.7378063230712658,-0.5283622494715786,-2.5471169737663755,2.41847704170612,-0.5544873301529852,2.137275916251945,0.41173269183271,-0.6745193127832111,-0.6414781780182107,-0.7820157008848647,1.4281470373865712,222.9469335080094,650.0
0,-0.4723426401682528,1.372089322158445,-0.7378063230712658,-0.5283622494715786,0.392600736557975,0.0729908228506883,-0.5544873301529852,0.2732312961117544,0.41173269183271,-0.6745193127832111,-0.6414781780182107,-0.7820157008848647,1.4281470373865712,116.78845365575444,128.0
372,-0.4723426401682528,-0.7288155252362811,1.2447454597110414,-0.5283622494715786,-2.5471169737663755,0.6421197691595358,2.1381819465272183,-0.6587910139583409,0.41173269183271,-0.6745193127832111,1.5588994828934168,-0.7820157008848647,-0.7002080134759401,221.24586182581976,380.0
586,-0.4723426401682528,-0.7288155252362811,-0.7378063230712658,-0.5283622494715786,0.392600736557975,-0.5089164935825374,-0.0339433648148333,0.2732312961117544,0.41173269183271,-0.6745193127832111,-0.6414781780182107,-0.7820157008848647,1.4281470373865712,114.92596088232955,104.0
491,-0.4723426401682528,-0.7288155252362811,0.2534695683198878,1.8926408936295356,0.392600736557975,-0.011543010279814,-0.1676704938865925,0.2732312961117544,0.41173269183271,-0.6745193127832111,-0.6414781780182107,-0.7820157008848647,1.4281470373865712,122.32307203515217,186.0
578,-0.4723426401682528,-0.7288155252362811,0.2534695683198878,-0.5283622494715786,0.392600736557975,-0.5932865014550349,0.2088859488448826,0.2732312961117544,0.41173269183271,-0.6745193127832111,1.5588994828934168,-0.7820157008848647,-0.7002080134759401,128.0595374206851,107.0
276,-0.4723426401682528,-0.7288155252362811,-0.7378063230712658,-0.5283622494715786,0.392600736557975,-0.2310688560063124,0.5652636176243533,0.2732312961117544,0.41173269183271,-0.6745193127832111,-0.6414781780182107,1.2787467040220322,-0.7002080134759401,140.9446094717669,207.0
294,-0.4723426401682528,-0.7288155252362811,-0.7378063230712658,-0.5283622494715786,0.392600736557975,-0.4948275213941203,0.5857844046941885,0.2732312961117544,0.41173269183271,-0.6745193127832111,-0.6414781780182107,1.2787467040220322,-0.7002080134759401,131.0834402088613,172.0
440,-0.4723426401682528,1.372089322158445,-0.7378063230712658,-0.5283622494715786,0.392600736557975,-0.2856226669219274,1.1774670985411022,0.2732312961117544,0.41173269183271,-0.6745193127832111,-0.6414781780182107,1.2787467040220322,-0.7002080134759401,143.70399501994967,187.0
159,-0.4723426401682528,-0.7288155252362811,-0.7378063230712658,-0.5283622494715786,0.392600736557975,-0.1344119537834512,1.3693364576440608,0.2732312961117544,0.41173269183271,-0.6745193127832111,-0.6414781780182107,1.2787467040220322,-0.7002080134759401,159.90008763459178,255.0
100,-0.4723426401682528,-0.7288155252362811,1.2447454597110414,1.8926408936295356,0.392600736557975,-0.1827404048948818,0.5615014733282169,-2.522835634098532,0.41173269183271,-0.6745193127832111,-0.6414781780182107,-0.7820157008848647,1.4281470373865712,122.43541737454785,133.0
341,2.117107190754133,1.372089322158445,-0.7378063230712658,-0.5283622494715786,0.392600736557975,-0.4956466476841445,-0.5544873301529852,0.2732312961117544,0.41173269183271,1.4825372395547665,1.5588994828934168,-0.7820157008848647,-0.7002080134759401,111.89922792586282,46.0
390,-0.4723426401682528,1.372089322158445,2.236021351102195,-0.5283622494715786,0.392600736557975,0.6165630289107793,-0.5544873301529852,0.2732312961117544,0.41173269183271,-0.6745193127832111,1.5588994828934168,-0.7820157008848647,-0.7002080134759401,152.76775726431066,185.0
394,-0.4723426401682528,-0.7288155252362811,1.2447454597110414,-0.5283622494715786,0.392600736557975,-0.3773648114046432,-0.0756689651901648,0.2732312961117544,0.41173269183271,-0.6745193127832111,-0.6414781780182107,-0.7820157008848647,1.4281470373865712,119.31366268568223,113.0
369,-0.4723426401682528,-0.7288155252362811,-0.7378063230712658,-0.5283622494715786,0.392600736557975,2.347049229216005,1.2465537483428806,0.2732312961117544,0.41173269183271,1.4825372395547665,1.5588994828934168,-0.7820157008848647,-0.7002080134759401,274.849840290287,570.0
395,-0.4723426401682528,-0.7288155252362811,1.2447454597110414,-0.5283622494715786,0.392600736557975,-0.3485315659957896,-0.3889529811229816,0.2732312961117544,0.41173269183271,-0.6745193127832111,-0.6414781780182107,1.2787467040220322,-0.7002080134759401,119.23275797970842,135.0
255,2.117107190754133,1.372089322158445,2.236021351102195,-0.5283622494715786,0.392600736557975,-0.3801498407907256,-0.5544873301529852,0.2732312961117544,0.41173269183271,-0.6745193127832111,1.5588994828934168,-0.7820157008848647,-0.7002080134759401,104.8862198633679,255.0
247,-0.4723426401682528,-0.7288155252362811,0.2534695683198878,1.8926408936295356,0.392600736557975,0.1973341936763692,-0.5544873301529852,-2.522835634098532,0.41173269183271,-0.6745193127832111,-0.6414781780182107,-0.7820157008848647,1.4281470373865712,115.73791868178074,137.0
469,-0.4723426401682528,-0.7288155252362811,-0.7378063230712658,-0.5283622494715786,0.392600736557975,-0.1753682682846636,0.283786821649781,0.2732312961117544,0.41173269183271,1.4825372395547665,-0.6414781780182107,-0.7820157008848647,1.4281470373865712,146.26398712468932,110.0
336,-0.4723426401682528,-0.7288155252362811,0.2534695683198878,-0.5283622494715786,0.392600736557975,-0.0251405066942165,-0.3191823050855421,0.2732312961117544,0.41173269183271,-0.6745193127832111,1.5588994828934168,-0.7820157008848647,-0.7002080134759401,138.82594575767422,160.0
558,-0.4723426401682528,-0.7288155252362811,-0.7378063230712658,-0.5283622494715786,0.392600736557975,-0.2484343333548265,0.3583456813368487,0.2732312961117544,0.41173269183271,-0.6745193127832111,-0.6414781780182107,1.2787467040220322,-0.7002080134759401,137.60489035571942,162.0
103,-0.4723426401682528,-0.7288155252362811,-0.7378063230712658,-0.5283622494715786,0.392600736557975,-0.1231080109811166,0.6709456710340044,0.2732312961117544,0.41173269183271,-0.6745193127832111,-0.6414781780182107,1.2787467040220322,-0.7002080134759401,146.39636781518772,128.0
598,-0.4723426401682528,-0.7288155252362811,-0.7378063230712658,-0.5283622494715786,-2.5471169737663755,0.7469679342826396,-0.5544873301529852,0.2732312961117544,0.41173269183271,-0.6745193127832111,1.5588994828934168,-0.7820157008848647,-0.7002080134759401,174.78076191740826,180.0
183,-0.4723426401682528,-0.7288155252362811,0.2534695683198878,-0.5283622494715786,0.392600736557975,4.659606571212462,-0.5544873301529852,0.2732312961117544,0.41173269183271,1.4825372395547665,-0.6414781780182107,1.2787467040220322,-0.7002080134759401,323.61069768172007,260.0
17,2.117107190754133,1.372089322158445,-0.7378063230712658,-0.5283622494715786,0.392600736557975,-0.3101964556226548,-0.5544873301529852,0.2732312961117544,-2.428760260810931,1.4825372395547665,-0.6414781780182107,-0.7820157008848647,1.4281470373865712,97.80068197623501,76.0
163,-0.4723426401682528,-0.7288155252362811,1.2447454597110414,-0.5283622494715786,0.392600736557975,-0.2025632611134686,-0.0595943486521273,0.2732312961117544,0.41173269183271,-0.6745193127832111,1.5588994828934168,-0.7820157008848647,-0.7002080134759401,136.584631394896,158.0
118,-0.4723426401682528,-0.7288155252362811,-0.7378063230712658,-0.5283622494715786,0.392600736557975,0.0269559253513256,0.1781047682401299,0.2732312961117544,0.41173269183271,1.4825372395547665,1.5588994828934168,-0.7820157008848647,-0.7002080134759401,161.63933642796025,175.0
56,-0.4723426401682528,-0.7288155252362811,-0.7378063230712658,-0.5283622494715786,0.392600736557975,-0.5359476611533376,-0.0103444596845229,0.2732312961117544,0.41173269183271,-0.6745193127832111,-0.6414781780182107,1.2787467040220322,-0.7002080134759401,116.62547738907148,96.0
296,-0.4723426401682528,-0.7288155252362811,0.2534695683198878,-0.5283622494715786,0.392600736557975,0.241075537563664,-0.5544873301529852,0.2732312961117544,0.41173269183271,-0.6745193127832111,-0.6414781780182107,1.2787467040220322,-0.7002080134759401,138.14929752685845,200.0
110,-0.4723426401682528,1.372089322158445,-0.7378063230712658,-0.5283622494715786,0.392600736557975,-0.0143280396658964,-0.5544873301529852,0.2732312961117544,0.41173269183271,-0.6745193127832111,-0.6414781780182107,-0.7820157008848647,1.4281470373865712,113.90451513274007,136.0
215,-0.4723426401682528,-0.7288155252362811,2.236021351102195,1.8926408936295356,0.392600736557975,-0.254495867901006,-0.2182884353255192,0.2732312961117544,0.41173269183271,-0.6745193127832111,-0.6414781780182107,1.2787467040220322,-0.7002080134759401,116.33887245470675,100.0
532,-0.4723426401682528,1.372089322158445,1.2447454597110414,-0.5283622494715786,0.392600736557975,-0.2974180854982766,-0.5544873301529852,0.2732312961117544,-2.428760260810931,1.4825372395547665,1.5588994828934168,-0.7820157008848647,-0.7002080134759401,121.16748261538584,110.0
322,-0.4723426401682528,-0.7288155252362811,1.2447454597110414,1.8926408936295356,0.392600736557975,-0.2952883571442135,-0.0106864728023535,0.2732312961117544,0.41173269183271,-0.6745193127832111,1.5588994828934168,-0.7820157008848647,-0.7002080134759401,125.1565198636045,128.0
588,-0.4723426401682528,1.372089322158445,-0.7378063230712658,-0.5283622494715786,0.392600736557975,-0.1070531356966413,-0.5544873301529852,0.2732312961117544,0.41173269183271,-0.6745193127832111,-0.6414781780182107,1.2787467040220322,-0.7002080134759401,117.54021500976074,94.0
265,-0.4723426401682528,1.372089322158445,-0.7378063230712658,-0.5283622494715786,0.392600736557975,-0.2143586796898178,0.6244318870090446,0.2732312961117544,0.41173269183271,-0.6745193127832111,1.5588994828934168,-0.7820157008848647,-0.7002080134759401,141.13262502215645,151.0
96,2.117107190754133,-0.7288155252362811,-0.7378063230712658,-0.5283622494715786,0.392600736557975,-0.4782811703356305,0.2328268670930237,0.2732312961117544,0.41173269183271,-0.6745193127832111,-0.6414781780182107,1.2787467040220322,-0.7002080134759401,115.74912655567738,137.0
120,-0.4723426401682528,-0.7288155252362811,-0.7378063230712658,-0.5283622494715786,0.392600736557975,0.0431746258938057,0.3576616551011876,0.2732312961117544,0.41173269183271,-0.6745193127832111,1.5588994828934168,-0.7820157008848647,-0.7002080134759401,153.1951740374089,180.0
423,-0.4723426401682528,-0.7288155252362811,0.2534695683198878,-0.5283622494715786,0.392600736557975,0.3025100093154826,0.0156485372706015,0.2732312961117544,-2.428760260810931,1.4825372395547665,-0.6414781780182107,-0.7820157008848647,1.4281470373865712,151.497039615696,110.0
254,-0.4723426401682528,1.372089322158445,-0.7378063230712658,-0.5283622494715786,-2.5471169737663755,1.7769373313591288,-0.5544873301529852,0.2732312961117544,-2.428760260810931,1.4825372395547665,-0.6414781780182107,-0.7820157008848647,1.4281470373865712,198.44066602021763,192.0
196,-0.4723426401682528,1.372089322158445,-0.7378063230712658,-0.5283622494715786,0.392600736557975,0.4799327637347347,0.7280618617117122,0.2732312961117544,0.41173269183271,-0.6745193127832111,1.5588994828934168,-0.7820157008848647,-0.7002080134759401,170.0693462046575,187.0
261,-0.4723426401682528,1.372089322158445,-0.7378063230712658,-0.5283622494715786,0.392600736557975,-0.5477430797296867,0.2010196471347792,0.2732312961117544,0.41173269183271,-0.6745193127832111,-0.6414781780182107,1.2787467040220322,-0.7002080134759401,113.41904126718424,134.0
473,2.117107190754133,1.372089322158445,-0.7378063230712658,-0.5283622494715786,-2.5471169737663755,-0.4756599662075529,-0.5544873301529852,0.2732312961117544,0.41173269183271,-0.6745193127832111,-0.6414781780182107,-0.7820157008848647,1.4281470373865712,98.95281420385714,93.0
75,-0.4723426401682528,1.372089322158445,-0.7378063230712658,-0.5283622494715786,0.392600736557975,-0.2708783937014909,-0.5544873301529852,2.137275916251945,0.41173269183271,1.4825372395547665,-0.6414781780182107,-0.7820157008848647,1.4281470373865712,120.27257713650312,113.0
540,2.117107190754133,-0.7288155252362811,0.2534695683198878,-0.5283622494715786,0.392600736557975,-0.13031632233333,0.4185399900750319,-2.522835634098532,0.41173269183271,-0.6745193127832111,-0.6414781780182107,1.2787467040220322,-0.7002080134759401,129.72121122388768,140.0
81,-0.4723426401682528,-0.7288155252362811,0.2534695683198878,-0.5283622494715786,-2.5471169737663755,-0.4928616182980621,-0.5544873301529852,0.2732312961117544,0.41173269183271,-0.6745193127832111,-0.6414781780182107,1.2787467040220322,-0.7002080134759401,117.74223608199378,128.0
14,-0.4723426401682528,-0.7288155252362811,1.2447454597110414,-0.5283622494715786,0.392600736557975,-0.6724141010713773,-0.1830610841889688,-3.454857944168628,0.41173269183271,-0.6745193127832111,-0.6414781780182107,-0.7820157008848647,1.4281470373865712,95.74705217389425,17.0
436,-0.4723426401682528,1.372089322158445,-0.7378063230712658,-0.5283622494715786,0.392600736557975,-0.5696956643023365,0.0785789509514294,0.2732312961117544,0.41173269183271,-0.6745193127832111,-0.6414781780182107,1.2787467040220322,-0.7002080134759401,111.02467134824388,50.0
282,-0.4723426401682528,-0.7288155252362811,1.2447454597110414,-0.5283622494715786,0.392600736557975,-0.5082611925505179,-0.2173308027681535,-2.522835634098532,0.41173269183271,-0.6745193127832111,-0.6414781780182107,-0.7820157008848647,1.4281470373865712,104.84397648524742,78.0
470,-0.4723426401682528,-0.7288155252362811,0.2534695683198878,-0.5283622494715786,-2.5471169737663755,-0.3200259711029458,0.156557941816803,0.2732312961117544,0.41173269183271,-0.6745193127832111,-0.6414781780182107,1.2787467040220322,-0.7002080134759401,140.36457868973508,162.0
121,2.117107190754133,1.372089322158445,-0.7378063230712658,-0.5283622494715786,0.392600736557975,-0.2027270863714735,-0.5544873301529852,0.2732312961117544,0.41173269183271,-0.6745193127832111,-0.6414781780182107,1.2787467040220322,-0.7002080134759401,103.38265668907394,44.0
428,-0.4723426401682528,-0.7288155252362811,-0.7378063230712658,-0.5283622494715786,0.392600736557975,-0.4068533578455161,-0.5489740784062651,0.2732312961117544,0.41173269183271,-0.6745193127832111,1.5588994828934168,-0.7820157008848647,-0.7002080134759401,119.30625396946112,87.0
421,2.117107190754133,1.372089322158445,-0.7378063230712658,1.8926408936295356,0.392600736557975,-0.439618409446486,-0.5544873301529852,0.2732312961117544,-2.428760260810931,1.4825372395547665,-0.6414781780182107,-0.7820157008848647,1.4281470373865712,85.1845112789843,80.0
543,-0.4723426401682528,-0.7288155252362811,0.2534695683198878,1.8926408936295356,0.392600736557975,-0.5184183585468186,0.3087537792514138,0.2732312961117544,0.41173269183271,-0.6745193127832111,-0.6414781780182107,-0.7820157008848647,1.4281470373865712,112.0124120070787,128.0
599,-0.4723426401682528,-0.7288155252362811,1.2447454597110414,-0.5283622494715786,0.392600736557975,0.0616868800483537,-0.5544873301529852,0.2732312961117544,0.41173269183271,-0.6745193127832111,-0.6414781780182107,-0.7820157008848647,1.4281470373865712,128.18437494302185,192.0
235,-0.4723426401682528,-0.7288155252362811,0.2534695683198878,-0.5283622494715786,0.392600736557975,0.0158158078069958,-0.1235508016864469,0.2732312961117544,0.41173269183271,-0.6745193127832111,1.5588994828934168,-0.7820157008848647,-0.7002080134759401,143.7641857003137,170.0
328,2.117107190754133,-0.7288155252362811,-0.7378063230712658,-0.5283622494715786,0.392600736557975,-0.1753682682846636,0.283786821649781,0.2732312961117544,0.41173269183271,1.4825372395547665,-0.6414781780182107,-0.7820157008848647,1.4281470373865712,137.47077622729836,110.0
102,-0.4723426401682528,-0.7288155252362811,-0.7378063230712658,-0.5283622494715786,0.392600736557975,1.35099166054652,-0.5544873301529852,0.2732312961117544,0.41173269183271,-0.6745193127832111,-0.6414781780182107,-0.7820157008848647,1.4281470373865712,175.34265649292053,128.0
229,-0.4723426401682528,1.372089322158445,-0.7378063230712658,-0.5283622494715786,-2.5471169737663755,0.1632585400113605,-0.5544873301529852,0.2732312961117544,0.41173269183271,-0.6745193127832111,1.5588994828934168,-0.7820157008848647,-0.7002080134759401,142.1572284878012,200.0
352,-0.4723426401682528,-0.7288155252362811,2.236021351102195,-0.5283622494715786,0.392600736557975,-0.4484649733787479,0.1579259942881253,0.2732312961117544,0.41173269183271,-0.6745193127832111,1.5588994828934168,-0.7820157008848647,-0.7002080134759401,132.61942389860184,95.0
168,-0.4723426401682528,1.372089322158445,-0.7378063230712658,-0.5283622494715786,0.392600736557975,-0.5187460090628284,-0.5544873301529852,2.137275916251945,-2.428760260810931,1.4825372395547665,-0.6414781780182107,1.2787467040220322,-0.7002080134759401,107.37766101675066,63.0
611,-0.4723426401682528,-0.7288155252362811,0.2534695683198878,-0.5283622494715786,0.392600736557975,0.437174371395469,-0.4724041818736446,0.2732312961117544,0.41173269183271,-0.6745193127832111,-0.6414781780182107,-0.7820157008848647,1.4281470373865712,144.09244556654727,253.0
99,-0.4723426401682528,-0.7288155252362811,-0.7378063230712658,-0.5283622494715786,0.392600736557975,-0.5970544823891465,0.6565811200851197,0.2732312961117544,0.41173269183271,-0.6745193127832111,-0.6414781780182107,1.2787467040220322,-0.7002080134759401,127.49447894683823,131.0
