Unnamed: 0,Gender,Married,Dependents,Education,Self_Employed,ApplicantIncome,CoapplicantIncome,LoanAmount,Loan_Amount_Term,Credit_History,PAR_Rural,PAR_Semiurban,PAR_Urban,prediksi,label_asli
633,-0.4723426401682528,1.372089322158445,-0.493084033817793,1.2949531695408538,0.392600736557975,-0.3665636313913444,0.1938661319613872,-0.2791045073928402,-2.522835634098532,-2.428760260810931,-0.6414781780182107,-0.7820157008848647,1.4281470373865712,1,1
790,2.117107190754133,1.299086724188319,-0.7378063230712658,-0.5283622494715786,0.392600736557975,-0.3186364679121869,-0.5544873301529852,-0.1490336895367648,0.2732312961117544,0.41173269183271,1.5588994828934168,-0.7820157008848647,-0.7002080134759401,1,1
824,-0.4723426401682528,1.372089322158445,-0.7378063230712658,-0.5283622494715786,0.392600736557975,0.1432261493033429,-0.3729990662437042,-0.2001156276475606,0.2732312961117544,-2.428760260810931,1.5588994828934168,-0.7820157008848647,-0.7002080134759401,1,1
275,-0.4723426401682528,-0.7288155252362811,0.2534695683198878,-0.5283622494715786,0.392600736557975,-0.4347036517063405,0.0755008328909541,-0.36593185980517,0.2732312961117544,0.41173269183271,-0.6414781780182107,1.2787467040220322,-0.7002080134759401,0,0
713,2.117107190754133,1.372089322158445,-0.0519036677262539,-0.5283622494715786,0.392600736557975,-0.1363572100450254,-0.5544873301529852,-0.6568705738761114,0.2732312961117544,0.41173269183271,-0.6414781780182107,1.2787467040220322,-0.7002080134759401,1,1
721,-0.4723426401682528,-0.7288155252362811,1.2447454597110414,-0.5283622494715786,0.392600736557975,-0.0753268553928145,-0.5544873301529852,-0.8161461886128937,0.2732312961117544,-2.428760260810931,-0.6414781780182107,1.2787467040220322,-0.7002080134759401,1,1
381,-0.4723426401682528,1.372089322158445,-0.7378063230712658,-0.5283622494715786,0.392600736557975,0.0880627465871345,0.8929121845060546,1.7878374076234798,0.2732312961117544,0.41173269183271,-0.6414781780182107,1.2787467040220322,-0.7002080134759401,0,0
124,-0.4723426401682528,-0.7288155252362811,-0.7378063230712658,1.892640893629536,0.392600736557975,-0.1807745017988236,0.1343270891578149,0.5741110801222516,0.2732312961117544,0.41173269183271,1.5588994828934168,-0.7820157008848647,-0.7002080134759401,0,0
212,-0.4723426401682528,-0.7288155252362811,0.2534695683198878,-0.5283622494715786,-2.5471169737663755,0.3904841728640869,-0.5544873301529852,1.1214778552698643,0.2732312961117544,0.41173269183271,-0.6414781780182107,-0.7820157008848647,1.4281470373865712,0,0
533,-0.4723426401682528,1.372089322158445,0.2534695683198878,-0.5283622494715786,0.392600736557975,0.957811041334881,-0.5544873301529852,0.5979096355634522,0.2732312961117544,0.41173269183271,-0.6414781780182107,1.2787467040220322,-0.7002080134759401,1,1
499,-0.4723426401682528,1.372089322158445,-0.7378063230712658,-0.5283622494715786,0.392600736557975,0.1440909848247931,0.9558425981868824,0.7526002459312559,0.2732312961117544,-2.428760260810931,1.5588994828934168,-0.7820157008848647,-0.7002080134759401,1,1
451,-0.4723426401682528,-0.7288155252362811,1.2447454597110414,1.892640893629536,0.392600736557975,-0.5644532560461814,-0.056516230591652,-1.0203921344381852,-0.6587910139583409,0.41173269183271,-0.6414781780182107,-0.7820157008848647,1.4281470373865712,0,0
191,-0.4723426401682528,1.372089322158445,-0.7378063230712658,-0.5283622494715786,0.392600736557975,1.0806799848385182,-0.5544873301529852,0.2171327485042434,0.2732312961117544,0.41173269183271,-0.6414781780182107,1.2787467040220322,-0.7002080134759401,0,1
288,2.117107190754133,1.372089322158445,-0.7378063230712658,-0.5283622494715786,0.392600736557975,-0.2096077472076772,-0.5544873301529852,-0.36593185980517,0.2732312961117544,0.41173269183271,-0.6414781780182107,1.2787467040220322,-0.7002080134759401,0,0
764,-0.4723426401682528,-0.7288155252362811,1.2447454597110414,1.892640893629536,0.392600736557975,-0.3782747841140258,0.0431433149686043,-0.3619968844818747,0.2732312961117544,-2.428760260810931,1.5588994828934168,-0.7820157008848647,-0.7002080134759401,1,1
199,-0.4723426401682528,1.372089322158445,-0.7378063230712658,-0.5283622494715786,-2.5471169737663755,0.9168547268336686,-0.5544873301529852,-0.7467087468643788,0.2732312961117544,0.41173269183271,-0.6414781780182107,-0.7820157008848647,1.4281470373865712,0,1
776,-0.4723426401682528,-0.7288155252362811,1.366723696808778,1.892640893629536,0.392600736557975,-0.4338211564564203,0.0624609826236716,-0.5361725818159617,-2.522835634098532,-1.183277604461454,-0.6414781780182107,-0.7820157008848647,1.4281470373865712,1,1
71,-0.4723426401682528,-0.7288155252362811,1.2447454597110414,1.892640893629536,-2.5471169737663755,-0.5780507524605839,0.0867872657793634,-0.580118858775975,0.2732312961117544,0.41173269183271,-0.6414781780182107,1.2787467040220322,-0.7002080134759401,0,0
334,-0.4723426401682528,-0.7288155252362811,0.2534695683198878,-0.5283622494715786,-2.5471169737663755,0.7256706507420091,0.0724227148304788,0.4313197474750483,-2.522835634098532,0.41173269183271,-0.6414781780182107,-0.7820157008848647,1.4281470373865712,0,0
314,-0.4723426401682528,-0.7288155252362811,-0.7378063230712658,-0.5283622494715786,0.392600736557975,-0.4800832481736838,0.0758428460087847,0.157636359901242,0.2732312961117544,0.41173269183271,1.5588994828934168,-0.7820157008848647,-0.7002080134759401,0,1
530,-0.4723426401682528,-0.7288155252362811,-0.7378063230712658,-0.5283622494715786,0.392600736557975,-0.717302221764706,1.3265848179152375,0.8358951899754578,0.2732312961117544,0.41173269183271,1.5588994828934168,-0.7820157008848647,-0.7002080134759401,0,0
38,-0.4723426401682528,1.372089322158445,-0.7378063230712658,-0.5283622494715786,0.392600736557975,-0.2027270863714735,1.9114272494055395,0.4551183029162489,0.2732312961117544,0.41173269183271,-0.6414781780182107,-0.7820157008848647,1.4281470373865712,0,0
49,2.117107190754133,1.372089322158445,-0.7378063230712658,-0.5283622494715786,0.392600736557975,-0.2299220792002785,0.2235925129115978,-0.020852805907762,0.2732312961117544,0.41173269183271,-0.6414781780182107,1.2787467040220322,-0.7002080134759401,0,0
697,-0.4723426401682528,-0.7288155252362811,-0.7378063230712658,-0.5283622494715786,0.392600736557975,0.0621273160344912,0.2393411268710339,0.3829514878352821,0.2732312961117544,0.41173269183271,1.5588994828934168,-0.7820157008848647,-0.7002080134759401,1,1
91,-0.4723426401682528,-0.7288155252362811,1.2447454597110414,-0.5283622494715786,0.392600736557975,0.138684751310633,1.3792548380611478,0.50271541379865,-2.522835634098532,0.41173269183271,-0.6414781780182107,1.2787467040220322,-0.7002080134759401,0,0
48,2.117107190754133,-0.7288155252362811,-0.7378063230712658,-0.5283622494715786,0.392600736557975,-0.4519053037968497,0.6220377951842305,-0.3064354712021687,0.2732312961117544,-2.428760260810931,-0.6414781780182107,-0.7820157008848647,1.4281470373865712,1,1
379,-0.4723426401682528,-0.7288155252362811,1.2447454597110414,-0.5283622494715786,0.392600736557975,-0.0020411453155327,-0.5544873301529852,-0.1874426939961659,0.2732312961117544,0.41173269183271,-0.6414781780182107,-0.7820157008848647,1.4281470373865712,0,0
135,-0.4723426401682528,-0.7288155252362811,2.236021351102195,-0.5283622494715786,0.392600736557975,-0.2299220792002785,2.096114333034056,1.716441741299878,0.2732312961117544,0.41173269183271,-0.6414781780182107,1.2787467040220322,-0.7002080134759401,0,1
516,2.117107190754133,-0.7288155252362811,1.2447454597110414,-0.5283622494715786,0.392600736557975,-0.5524940122118274,0.003678078146531,-0.3897304152463706,2.137275916251945,0.41173269183271,-0.6414781780182107,1.2787467040220322,-0.7002080134759401,0,0
7,-0.4723426401682528,-0.7288155252362811,2.236021351102195,-0.5283622494715786,0.392600736557975,-0.3878496279169535,0.301913516894802,0.1457370821806418,0.2732312961117544,-2.428760260810931,-0.6414781780182107,1.2787467040220322,-0.7002080134759401,1,1
487,-0.4723426401682528,-0.7288155252362811,0.2534695683198878,-0.5283622494715786,0.392600736557975,2.1181853437832308,-0.5544873301529852,4.215290062625936,0.2732312961117544,0.41173269183271,-0.6414781780182107,-0.7820157008848647,1.4281470373865712,1,1
53,-0.4723426401682528,-0.7288155252362811,1.2447454597110414,-0.5283622494715786,0.392600736557975,-0.1290057202692912,-0.5544873301529852,-0.1398455831137648,0.2732312961117544,0.41173269183271,-0.6414781780182107,-0.7820157008848647,1.4281470373865712,0,1
677,-0.4723426401682528,0.8919274734923278,-0.7378063230712658,-0.5283622494715786,0.392600736557975,-0.4869200827180652,-0.3817380269203195,-0.7861649479600663,1.7112484776877652,-2.428760260810931,-0.6414781780182107,1.2787467040220322,-0.7002080134759401,1,1
66,-0.4723426401682528,1.372089322158445,-0.7378063230712658,1.892640893629536,0.392600736557975,-0.3609822856041582,0.2164102374371555,-0.235039804878567,-2.522835634098532,-2.428760260810931,-0.6414781780182107,-0.7820157008848647,1.4281470373865712,1,1
475,-0.4723426401682528,-0.7288155252362811,1.2447454597110414,-0.5283622494715786,-2.5471169737663755,1.8219892773104625,-0.207686028672771,0.0505428604158395,0.2732312961117544,0.41173269183271,1.5588994828934168,-0.7820157008848647,-0.7002080134759401,0,0
584,-0.4723426401682528,-0.7288155252362811,0.2534695683198878,-0.5283622494715786,0.392600736557975,-0.4286421171601611,0.101151816728248,0.0029457495334384,0.2732312961117544,-2.428760260810931,1.5588994828934168,-0.7820157008848647,-0.7002080134759401,1,1
140,-0.4723426401682528,-0.7288155252362811,1.2447454597110414,-0.5283622494715786,0.392600736557975,-0.0592161603592252,0.1579259942881253,0.4670175806368492,0.2732312961117544,0.41173269183271,1.5588994828934168,-0.7820157008848647,-0.7002080134759401,0,1
354,2.117107190754133,-0.7288155252362811,-0.7378063230712658,-0.5283622494715786,0.392600736557975,-0.4882745110739263,-0.3817707056485393,-0.1874426939961659,0.2732312961117544,0.41173269183271,-0.6414781780182107,1.2787467040220322,-0.7002080134759401,0,0
204,-0.4723426401682528,-0.7288155252362811,1.2447454597110414,1.892640893629536,0.392600736557975,-0.243519575614681,-0.5544873301529852,-0.2588383603197676,0.2732312961117544,0.41173269183271,-0.6414781780182107,1.2787467040220322,-0.7002080134759401,0,0
391,-0.4723426401682528,-0.7288155252362811,2.236021351102195,-0.5283622494715786,0.392600736557975,0.6717721408584136,-0.5544873301529852,1.537952575490874,0.2732312961117544,0.41173269183271,1.5588994828934168,-0.7820157008848647,-0.7002080134759401,0,0
206,2.117107190754133,1.372089322158445,-0.7378063230712658,-0.5283622494715786,0.392600736557975,-0.3537739742519448,-0.5544873301529852,-0.7824065800261797,0.2732312961117544,0.41173269183271,-0.6414781780182107,-0.7820157008848647,1.4281470373865712,0,0
43,-0.4723426401682528,-0.7288155252362811,-0.7378063230712658,-0.5283622494715786,0.392600736557975,-0.2395877694225646,0.2444553130992636,-0.1398455831137648,0.2732312961117544,0.41173269183271,-0.6414781780182107,1.2787467040220322,-0.7002080134759401,0,0
432,-0.4723426401682528,1.372089322158445,-0.7378063230712658,-0.5283622494715786,0.392600736557975,1.2241909108507665,-0.5544873301529852,3.0848586791689097,0.2732312961117544,0.41173269183271,-0.6414781780182107,1.2787467040220322,-0.7002080134759401,1,0
268,2.117107190754133,1.372089322158445,-0.7378063230712658,-0.5283622494715786,0.392600736557975,-0.325268379359101,-0.5544873301529852,-0.1279463053931645,0.2732312961117544,0.41173269183271,1.5588994828934168,-0.7820157008848647,-0.7002080134759401,0,1
512,-0.4723426401682528,-0.7288155252362811,1.2447454597110414,-0.5283622494715786,0.392600736557975,-0.3473847891897557,0.1415093646322572,0.026744304974639,0.2732312961117544,0.41173269183271,-0.6414781780182107,-0.7820157008848647,1.4281470373865712,0,0
467,-0.4723426401682528,-0.7288155252362811,-0.7378063230712658,-0.5283622494715786,0.392600736557975,1.8493480953972723,-0.5544873301529852,-0.4254282484081714,0.2732312961117544,0.41173269183271,-0.6414781780182107,1.2787467040220322,-0.7002080134759401,0,0
339,2.117107190754133,1.372089322158445,-0.7378063230712658,-0.5283622494715786,0.392600736557975,-0.2037100379195026,-0.5544873301529852,-0.8895000795115822,0.2732312961117544,0.41173269183271,-0.6414781780182107,1.2787467040220322,-0.7002080134759401,0,0
673,0.2133019350947029,-0.7288155252362811,-0.7378063230712658,1.892640893629536,0.392600736557975,-0.4217491841251071,0.191270370538274,-0.097447106720288,0.2732312961117544,-2.428760260810931,-0.6414781780182107,1.2787467040220322,-0.7002080134759401,1,1
230,-0.4723426401682528,-0.7288155252362811,0.2534695683198878,-0.5283622494715786,0.392600736557975,-0.4771343935295966,0.1480076138710383,-0.496823914731773,0.2732312961117544,0.41173269183271,-0.6414781780182107,1.2787467040220322,-0.7002080134759401,0,0
150,-0.4723426401682528,1.372089322158445,-0.7378063230712658,-0.5283622494715786,0.392600736557975,0.143108033276764,-0.5544873301529852,-0.3302340266433692,0.2732312961117544,-2.428760260810931,1.5588994828934168,-0.7820157008848647,-0.7002080134759401,1,1
21,-0.4723426401682528,-0.7288155252362811,0.2534695683198878,-0.5283622494715786,0.392600736557975,0.0903563001992024,1.3693364576440608,2.013923684314885,0.2732312961117544,0.41173269183271,-0.6414781780182107,-0.7820157008848647,1.4281470373865712,0,0
838,-0.4723426401682528,-0.6219755462259111,-0.7378063230712658,-0.5283622494715786,0.392600736557975,1.446341949482163,0.1909773842063467,1.8872675328297857,0.2732312961117544,0.41173269183271,1.5588994828934168,-0.7820157008848647,-0.7002080134759401,1,1
175,-0.4723426401682528,-0.7288155252362811,-0.7378063230712658,-0.5283622494715786,0.392600736557975,-0.3123261839767178,0.1172264332662856,-0.3540325820845698,0.2732312961117544,0.41173269183271,1.5588994828934168,-0.7820157008848647,-0.7002080134759401,0,0
37,2.117107190754133,-0.7288155252362811,-0.7378063230712658,-0.5283622494715786,0.392600736557975,-0.2844758901158934,-0.0554901912381602,-0.020852805907762,0.2732312961117544,0.41173269183271,-0.6414781780182107,1.2787467040220322,-0.7002080134759401,0,0
546,-0.4723426401682528,1.372089322158445,-0.7378063230712658,1.892640893629536,0.392600736557975,-0.3350978948393919,-0.5544873301529852,-0.7824065800261797,-4.759689178266761,0.41173269183271,-0.6414781780182107,1.2787467040220322,-0.7002080134759401,0,1
752,-0.4723426401682528,1.372089322158445,-0.7378063230712658,-0.5283622494715786,0.392600736557975,-0.3521504353871206,-0.5544873301529852,-0.799110645827171,0.2732312961117544,0.41173269183271,-0.6414781780182107,-0.7820157008848647,1.4281470373865712,1,1
656,-0.4723426401682528,1.372089322158445,0.0715029098144284,1.4482218817204804,-2.5471169737663755,-0.0298842323877508,0.1229256456133366,0.2090825976958162,0.2732312961117544,-2.428760260810931,-0.6414781780182107,-0.7820157008848647,1.4281470373865712,1,1
274,-0.4723426401682528,-0.7288155252362811,1.2447454597110414,-0.5283622494715786,0.392600736557975,-0.2463046050007634,-0.5544873301529852,-0.6634138028201769,0.2732312961117544,0.41173269183271,-0.6414781780182107,1.2787467040220322,-0.7002080134759401,0,0
361,-0.4723426401682528,-0.7288155252362811,1.2447454597110414,-0.5283622494715786,0.392600736557975,-0.0660968211954289,0.6996747729317736,1.0738807443874632,0.2732312961117544,0.41173269183271,-0.6414781780182107,1.2787467040220322,-0.7002080134759401,0,0
592,-0.4723426401682528,1.372089322158445,2.236021351102195,-0.5283622494715786,-2.5471169737663755,0.6476898279317007,-0.5544873301529852,1.7402402967410786,0.2732312961117544,0.41173269183271,-0.6414781780182107,1.2787467040220322,-0.7002080134759401,1,0
322,-0.4723426401682528,-0.7288155252362811,1.2447454597110414,1.892640893629536,0.392600736557975,-0.2952883571442135,-0.0106864728023535,-0.2112412494373664,0.2732312961117544,0.41173269183271,1.5588994828934168,-0.7820157008848647,-0.7002080134759401,0,0
676,2.117107190754133,0.7329612920894297,1.2447454597110414,-0.5283622494715786,0.392600736557975,-0.4259124223338949,-0.3587773194102499,0.0127299594234669,0.2732312961117544,0.41173269183271,-0.6414781780182107,-0.7820157008848647,1.4281470373865712,1,1
672,-0.4723426401682528,1.372089322158445,-0.0680109999989598,-0.5283622494715786,0.392600736557975,0.608745954195256,-0.3230009753469731,0.3354940067512743,0.2732312961117544,0.41173269183271,-0.6414781780182107,1.2787467040220322,-0.7002080134759401,1,1
457,-0.4723426401682528,-0.7288155252362811,-0.7378063230712658,-0.5283622494715786,0.392600736557975,-0.2777590545376946,0.3241443695537901,0.3242262479896459,0.2732312961117544,0.41173269183271,-0.6414781780182107,-0.7820157008848647,1.4281470373865712,0,1
751,-0.4723426401682528,-0.7288155252362811,0.3232713811960855,-0.5283622494715786,0.392600736557975,-0.5445160088276568,0.4140629956167707,-0.3771618987915378,0.2732312961117544,0.41173269183271,-0.6414781780182107,-0.7820157008848647,1.4281470373865712,1,1
523,-0.4723426401682528,-0.7288155252362811,1.2447454597110414,-0.5283622494715786,-2.5471169737663755,0.4168600394028676,1.8963786722209937,3.97730450821393,0.2732312961117544,0.41173269183271,1.5588994828934168,-0.7820157008848647,-0.7002080134759401,1,0
413,-0.4723426401682528,-0.7288155252362811,-0.7378063230712658,1.892640893629536,0.392600736557975,-0.5161248049347508,0.140825338396596,-0.4254282484081714,0.2732312961117544,0.41173269183271,1.5588994828934168,-0.7820157008848647,-0.7002080134759401,0,0
246,-0.4723426401682528,-0.7288155252362811,1.2447454597110414,-0.5283622494715786,0.392600736557975,0.7043733672013787,-0.5544873301529852,-0.4016296929669709,0.2732312961117544,0.41173269183271,-0.6414781780182107,-0.7820157008848647,1.4281470373865712,0,0
364,-0.4723426401682528,1.372089322158445,-0.7378063230712658,-0.5283622494715786,-2.5471169737663755,0.232392798889407,-0.5544873301529852,-0.0565506390695628,0.2732312961117544,0.41173269183271,1.5588994828934168,-0.7820157008848647,-0.7002080134759401,0,0
437,-0.4723426401682528,-0.7288155252362811,-0.7378063230712658,-0.5283622494715786,0.392600736557975,-0.5226778152549447,-0.169722572593576,-0.2112412494373664,0.2732312961117544,0.41173269183271,-0.6414781780182107,-0.7820157008848647,1.4281470373865712,0,0
498,-0.4723426401682528,-0.7288155252362811,0.2534695683198878,-0.5283622494715786,-2.5471169737663755,-0.4109489892956373,-0.5544873301529852,-0.6039174142171756,0.2732312961117544,0.41173269183271,-0.6414781780182107,1.2787467040220322,-0.7002080134759401,0,0
603,-0.4723426401682528,1.372089322158445,-0.7378063230712658,-0.5283622494715786,0.392600736557975,-0.2830014627938498,0.916511089636365,0.3123269702690456,0.2732312961117544,0.41173269183271,1.5588994828934168,-0.7820157008848647,-0.7002080134759401,1,0
227,-0.4723426401682528,-0.7288155252362811,1.2447454597110414,-0.5283622494715786,0.392600736557975,0.138684751310633,0.025224904569858,0.7644995236518561,0.2732312961117544,0.41173269183271,-0.6414781780182107,1.2787467040220322,-0.7002080134759401,0,0
823,-0.4723426401682528,1.038788231284382,0.0962071695170375,1.892640893629536,-2.5471169737663755,-0.3804940514084443,-0.1107707367246745,0.4283495059658477,0.2732312961117544,0.41173269183271,-0.6414781780182107,0.9518140690483564,-0.3625520453346493,1,1
479,-0.4723426401682528,-0.7288155252362811,1.2447454597110414,-0.5283622494715786,0.392600736557975,-0.4024300758793852,-0.0062403022705559,-0.2112412494373664,0.2732312961117544,0.41173269183271,-0.6414781780182107,-0.7820157008848647,1.4281470373865712,0,1
803,-0.4723426401682528,-0.7288155252362811,0.5071939255390634,-0.5283622494715786,0.392600736557975,-0.4054535662931142,0.0830308765724413,0.0151285802357758,0.2732312961117544,-2.428760260810931,1.5588994828934168,-0.7820157008848647,-0.7002080134759401,1,1
691,2.117107190754133,1.372089322158445,-0.7378063230712658,-0.5283622494715786,-2.5471169737663755,-0.1384709140310568,-0.2047927530618131,-0.0990516215724265,-0.2817804148757896,0.41173269183271,0.2485924685586572,0.4451515631693229,-0.7002080134759401,1,1
386,-0.4723426401682528,1.372089322158445,-0.7378063230712658,1.892640893629536,0.392600736557975,-0.5008890559402998,-0.0072663416240476,-0.1636441385549653,0.2732312961117544,0.41173269183271,-0.6414781780182107,1.2787467040220322,-0.7002080134759401,0,0
157,-0.4723426401682528,-0.7288155252362811,0.2534695683198878,-0.5283622494715786,0.392600736557975,0.6773421996305785,-0.5544873301529852,0.4908161360780497,0.2732312961117544,0.41173269183271,-0.6414781780182107,-0.7820157008848647,1.4281470373865712,0,0
520,-0.4723426401682528,-0.7288155252362811,1.2447454597110414,1.892640893629536,0.392600736557975,-0.5261181456730466,0.0412995211078955,-1.1988813002471892,0.2732312961117544,0.41173269183271,-0.6414781780182107,1.2787467040220322,-0.7002080134759401,0,0
719,-0.4723426401682528,1.372089322158445,-0.7378063230712658,-0.5283622494715786,0.392600736557975,-0.1180398016317827,0.1017094446207621,0.4527014753842461,0.2732312961117544,0.41173269183271,-0.6414781780182107,1.2787467040220322,-0.7002080134759401,1,1
143,-0.4723426401682528,-0.7288155252362811,-0.7378063230712658,-0.5283622494715786,0.392600736557975,-0.4432225651225927,0.1411673515144266,-0.2826369157609681,0.2732312961117544,0.41173269183271,-0.6414781780182107,1.2787467040220322,-0.7002080134759401,0,0
294,-0.4723426401682528,-0.7288155252362811,-0.7378063230712658,-0.5283622494715786,0.392600736557975,-0.4948275213941203,0.5857844046941885,0.3123269702690456,0.2732312961117544,0.41173269183271,-0.6414781780182107,1.2787467040220322,-0.7002080134759401,0,0
589,-0.4723426401682528,-0.7288155252362811,1.2447454597110414,-0.5283622494715786,-2.5471169737663755,-0.4386354578984569,-0.5544873301529852,-0.4730253592905725,0.2732312961117544,-2.428760260810931,-0.6414781780182107,1.2787467040220322,-0.7002080134759401,1,1
375,-0.4723426401682528,-0.7288155252362811,-0.7378063230712658,-0.5283622494715786,0.392600736557975,-0.0960768434103164,-0.2388092223953543,-0.3064354712021687,-2.522835634098532,0.41173269183271,-0.6414781780182107,-0.7820157008848647,1.4281470373865712,0,0
278,-0.4723426401682528,-0.7288155252362811,-0.7378063230712658,-0.5283622494715786,0.392600736557975,1.5038406262650446,-0.5544873301529852,3.4537362885075185,0.2732312961117544,0.41173269183271,-0.6414781780182107,1.2787467040220322,-0.7002080134759401,0,0
39,-0.4723426401682528,1.372089322158445,-0.7378063230712658,1.892640893629536,0.392600736557975,-0.2712060442175006,0.0159905503884321,-0.4254282484081714,0.2732312961117544,0.41173269183271,-0.6414781780182107,1.2787467040220322,-0.7002080134759401,0,0
840,-0.4723426401682528,0.8239766442254642,-0.4791887640349404,-0.5283622494715786,-2.5471169737663755,0.4894450752759052,-0.284837166615424,-0.662888713513107,0.2732312961117544,0.41173269183271,-0.6414781780182107,-0.7820157008848647,1.4281470373865712,1,1
109,-0.4723426401682528,-0.7288155252362811,2.236021351102195,1.892640893629536,0.392600736557975,-0.5459410018916334,-0.2966094393087234,-0.6158166919377758,2.137275916251945,0.41173269183271,-0.6414781780182107,1.2787467040220322,-0.7002080134759401,0,0
652,-0.4723426401682528,1.372089322158445,-0.7378063230712658,1.892640893629536,0.392600736557975,0.2800834959442945,-0.5544873301529852,-0.2759830399594202,0.2732312961117544,0.41173269183271,1.5588994828934168,-0.7820157008848647,-0.7002080134759401,1,1
574,-0.4723426401682528,-0.7288155252362811,2.236021351102195,-0.5283622494715786,0.392600736557975,0.1642414915593895,-0.5544873301529852,0.0505428604158395,0.2732312961117544,0.41173269183271,-0.6414781780182107,1.2787467040220322,-0.7002080134759401,0,1
782,-0.4723426401682528,-0.7288155252362811,0.2534695683198878,-0.5283622494715786,0.392600736557975,-0.5127193684247304,0.3062514432030029,-0.466140289146609,0.2732312961117544,0.41173269183271,-0.6414781780182107,-0.7820157008848647,1.4281470373865712,1,1
220,-0.4723426401682528,-0.7288155252362811,-0.7378063230712658,-0.5283622494715786,0.392600736557975,-0.521367213190906,-0.5544873301529852,-1.0203921344381852,0.2732312961117544,-2.428760260810931,-0.6414781780182107,-0.7820157008848647,1.4281470373865712,1,1
403,2.117107190754133,1.372089322158445,-0.7378063230712658,1.892640893629536,0.392600736557975,-0.5636341297561571,-0.5544873301529852,-1.1036870784823871,0.2732312961117544,0.41173269183271,-0.6414781780182107,1.2787467040220322,-0.7002080134759401,0,0
69,2.117107190754133,1.372089322158445,-0.7378063230712658,-0.5283622494715786,0.392600736557975,-0.1807745017988236,-0.5544873301529852,-0.1160470276725642,0.2732312961117544,-2.428760260810931,-0.6414781780182107,1.2787467040220322,-0.7002080134759401,1,1
461,-0.4723426401682528,-0.7288155252362811,2.236021351102195,-0.5283622494715786,0.392600736557975,0.3827843857378589,-0.5544873301529852,-0.2112412494373664,-2.522835634098532,0.41173269183271,-0.6414781780182107,-0.7820157008848647,1.4281470373865712,0,0
831,-0.4723426401682528,-0.7288155252362811,-0.686772163524698,1.892640893629536,0.392600736557975,-0.4875667082871454,0.7228590942202782,-0.2112412494373664,-2.522835634098532,0.41173269183271,-0.6414781780182107,-0.7820157008848647,1.4281470373865712,1,1
132,-0.4723426401682528,1.372089322158445,-0.7378063230712658,-0.5283622494715786,0.392600736557975,-0.4399460599624957,-0.5544873301529852,-0.9013993572321825,0.2732312961117544,0.41173269183271,-0.6414781780182107,1.2787467040220322,-0.7002080134759401,0,0
378,-0.4723426401682528,1.372089322158445,-0.7378063230712658,-0.5283622494715786,0.392600736557975,-0.3824433944027935,-0.5544873301529852,-0.8895000795115822,2.137275916251945,0.41173269183271,-0.6414781780182107,-0.7820157008848647,1.4281470373865712,0,1
789,-0.4723426401682528,-0.7288155252362811,0.5226435142500554,-0.5283622494715786,0.392600736557975,-0.1139930687796579,0.0146694141125214,-0.027064869038527,0.2732312961117544,0.41173269183271,1.5588994828934168,-0.7820157008848647,-0.7002080134759401,1,1
228,-0.4723426401682528,-0.7288155252362811,-0.7378063230712658,-0.5283622494715786,0.392600736557975,-0.1057425336326025,-0.5544873301529852,0.1457370821806418,2.137275916251945,0.41173269183271,-0.6414781780182107,1.2787467040220322,-0.7002080134759401,0,0
318,2.117107190754133,1.372089322158445,0.2534695683198878,-0.5283622494715786,0.392600736557975,-0.3051178726245045,-0.5544873301529852,-0.4016296929669709,0.2732312961117544,0.41173269183271,-0.6414781780182107,1.2787467040220322,-0.7002080134759401,0,0
56,-0.4723426401682528,-0.7288155252362811,-0.7378063230712658,-0.5283622494715786,0.392600736557975,-0.5359476611533376,-0.0103444596845229,-0.5920181364965753,0.2732312961117544,0.41173269183271,-0.6414781780182107,1.2787467040220322,-0.7002080134759401,0,0
502,-0.4723426401682528,-0.7288155252362811,1.2447454597110414,-0.5283622494715786,0.392600736557975,-0.0882132310260836,1.3689944445262303,0.7407009682106556,0.2732312961117544,0.41173269183271,-0.6414781780182107,1.2787467040220322,-0.7002080134759401,0,0
799,-0.4723426401682528,-0.7288155252362811,-0.7378063230712658,1.892640893629536,0.392600736557975,0.1262638663067634,-0.326758024944174,-0.2353232816317792,0.2732312961117544,-2.428760260810931,-0.6414781780182107,-0.7820157008848647,1.4281470373865712,1,1
344,-0.4723426401682528,-0.7288155252362811,1.2447454597110414,-0.5283622494715786,0.392600736557975,-0.4620624697931504,0.2424032343922801,-0.2469390825991673,0.2732312961117544,0.41173269183271,1.5588994828934168,-0.7820157008848647,-0.7002080134759401,0,0
383,-0.4723426401682528,1.372089322158445,-0.7378063230712658,-0.5283622494715786,-2.5471169737663755,0.2889125129010801,-0.5544873301529852,-0.2112412494373664,0.2732312961117544,0.41173269183271,-0.6414781780182107,-0.7820157008848647,1.4281470373865712,0,0
321,-0.4723426401682528,-0.7288155252362811,2.236021351102195,-0.5283622494715786,0.392600736557975,-0.1738938409626199,-0.4898468508830045,-0.2588383603197676,0.2732312961117544,0.41173269183271,-0.6414781780182107,1.2787467040220322,-0.7002080134759401,0,0
308,-0.4723426401682528,1.372089322158445,-0.7378063230712658,-0.5283622494715786,0.392600736557975,2.429453333992445,-0.5544873301529852,3.97730450821393,0.2732312961117544,0.41173269183271,1.5588994828934168,-0.7820157008848647,-0.7002080134759401,0,1
142,-0.4723426401682528,1.372089322158445,-0.7378063230712658,-0.5283622494715786,-2.5471169737663755,0.2533624319140277,-0.5544873301529852,0.3480248034308464,-2.522835634098532,0.41173269183271,-0.6414781780182107,1.2787467040220322,-0.7002080134759401,0,0
510,-0.4723426401682528,1.372089322158445,-0.7378063230712658,1.892640893629536,0.392600736557975,-0.295779832918228,-0.114316447505021,-0.5444210256141742,0.2732312961117544,0.41173269183271,1.5588994828934168,-0.7820157008848647,-0.7002080134759401,1,1
720,-0.4723426401682528,1.372089322158445,-0.7378063230712658,-0.5283622494715786,0.392600736557975,-0.4589405149700143,-0.5544873301529852,-0.839897299866698,1.229966824632419,-2.428760260810931,-0.6414781780182107,1.2787467040220322,-0.7002080134759401,1,1
688,2.117107190754133,1.372089322158445,-0.7378063230712658,-0.5283622494715786,0.392600736557975,0.4697861937829405,-0.5544873301529852,0.4484130439426103,0.2732312961117544,0.41173269183271,-0.6414781780182107,1.2787467040220322,-0.7002080134759401,1,1
247,-0.4723426401682528,-0.7288155252362811,0.2534695683198878,1.892640893629536,0.392600736557975,0.1973341936763692,-0.5544873301529852,-0.1041477499519639,-2.522835634098532,0.41173269183271,-0.6414781780182107,-0.7820157008848647,1.4281470373865712,0,0
727,-0.4723426401682528,1.372089322158445,-0.7378063230712658,-0.5283622494715786,0.392600736557975,0.2057870872929136,-0.5544873301529852,-0.173798046559787,0.2732312961117544,-2.428760260810931,-0.6414781780182107,1.2787467040220322,-0.7002080134759401,1,1
616,-0.4723426401682528,-0.7288155252362811,-0.4680481849862317,0.1304707816277998,0.392600736557975,-0.3385061670171175,0.6471012682728092,-0.2251695055859944,-2.522835634098532,-2.428760260810931,1.5588994828934168,-0.7820157008848647,-0.7002080134759401,1,1
710,-0.4723426401682528,-0.7288155252362811,0.5182021175022271,1.892640893629536,0.392600736557975,-0.4311240575438107,0.2330779919767176,-0.1291998088197455,0.2732312961117544,-2.428760260810931,1.5588994828934168,-0.7820157008848647,-0.7002080134759401,1,1
781,-0.4723426401682528,-0.7288155252362811,1.404406796020485,1.892640893629536,0.392600736557975,-0.4104015087300598,-0.4628228032078283,-1.150966925488161,-2.522835634098532,-2.428760260810931,-0.6414781780182107,-0.7820157008848647,1.4281470373865712,1,1
667,-0.4723426401682528,1.372089322158445,-0.5471313302431159,-0.5283622494715786,0.392600736557975,0.100739750507291,-0.5544873301529852,-0.3393894785765397,0.2732312961117544,-2.428760260810931,1.5588994828934168,-0.7820157008848647,-0.7002080134759401,1,1
405,2.117107190754133,1.372089322158445,-0.7378063230712658,-0.5283622494715786,0.392600736557975,-0.1403096630716258,-0.5544873301529852,-0.36593185980517,0.2732312961117544,0.41173269183271,-0.6414781780182107,1.2787467040220322,-0.7002080134759401,0,0
700,-0.4723426401682528,1.372089322158445,-0.7378063230712658,1.892640893629536,0.392600736557975,-0.2844843966810497,-0.1259088597259938,-0.5340794420362371,0.2732312961117544,0.41173269183271,1.5588994828934168,-0.7820157008848647,-0.7002080134759401,1,1
401,-0.4723426401682528,1.372089322158445,-0.7378063230712658,1.892640893629536,0.392600736557975,-0.4338845254163163,-0.5544873301529852,-0.9608957458351838,-0.6587910139583409,0.41173269183271,1.5588994828934168,-0.7820157008848647,-0.7002080134759401,0,1
650,-0.4723426401682528,-0.7288155252362811,0.8783159092720607,-0.5283622494715786,0.392600736557975,-0.4589313771616147,0.1608957594850591,-0.2772205649373477,0.2732312961117544,0.41173269183271,-0.6414781780182107,-0.7820157008848647,1.4281470373865712,1,1
65,-0.4723426401682528,-0.7288155252362811,-0.7378063230712658,-0.5283622494715786,0.392600736557975,0.0528403161160918,1.0170629462785572,1.3356648542406693,0.2732312961117544,0.41173269183271,-0.6414781780182107,1.2787467040220322,-0.7002080134759401,0,1
786,2.117107190754133,1.372089322158445,-0.7378063230712658,-0.5283622494715786,0.392600736557975,-0.2632404805659866,-0.2122742844955755,-0.2819969090709784,1.1361303072641835,-2.428760260810931,-0.6414781780182107,-0.7820157008848647,1.4281470373865712,1,1
774,-0.4723426401682528,1.372089322158445,-0.7378063230712658,-0.5283622494715786,-2.5471169737663755,1.7531846262774071,-0.5544873301529852,0.5144929841094387,0.2732312961117544,-2.350315014928906,-0.6414781780182107,-0.7820157008848647,1.4281470373865712,1,1
602,-0.4723426401682528,-0.7288155252362811,2.236021351102195,-0.5283622494715786,0.392600736557975,0.0490723351819803,-0.5544873301529852,-0.2112412494373664,0.2732312961117544,0.41173269183271,-0.6414781780182107,-0.7820157008848647,1.4281470373865712,1,0
507,-0.4723426401682528,1.372089322158445,-0.7378063230712658,-0.5283622494715786,0.392600736557975,-0.2982372117883008,-0.5544873301529852,-0.5920181364965753,0.2732312961117544,0.41173269183271,-0.6414781780182107,-0.7820157008848647,1.4281470373865712,1,1
324,-0.4723426401682528,-0.7288155252362811,2.236021351102195,-0.5283622494715786,0.392600736557975,1.5721557588530668,-0.5544873301529852,1.835434518505881,0.2732312961117544,0.41173269183271,1.5588994828934168,-0.7820157008848647,-0.7002080134759401,0,0
223,-0.4723426401682528,-0.7288155252362811,-0.7378063230712658,-0.5283622494715786,0.392600736557975,0.3562446939410733,-0.2090540811440934,0.3480248034308464,0.2732312961117544,0.41173269183271,-0.6414781780182107,1.2787467040220322,-0.7002080134759401,0,0
493,2.117107190754133,1.372089322158445,-0.7378063230712658,1.892640893629536,-2.5471169737663755,1.9428923177180413,-0.5544873301529852,0.9429886894608602,0.2732312961117544,0.41173269183271,-0.6414781780182107,1.2787467040220322,-0.7002080134759401,0,0
193,-0.4723426401682528,1.372089322158445,-0.7378063230712658,-0.5283622494715786,0.392600736557975,-0.2531852658369671,-0.5544873301529852,-0.8300036909085807,0.2732312961117544,0.41173269183271,-0.6414781780182107,1.2787467040220322,-0.7002080134759401,0,0
444,-0.4723426401682528,-0.7288155252362811,-0.7378063230712658,-0.5283622494715786,0.392600736557975,0.3161075057298851,2.295507980729288,0.3480248034308464,-0.6587910139583409,0.41173269183271,1.5588994828934168,-0.7820157008848647,-0.7002080134759401,0,0
1,-0.4723426401682528,-0.7288155252362811,0.2534695683198878,-0.5283622494715786,0.392600736557975,-0.1344119537834512,-0.0387315484644615,-0.2112412494373664,0.2732312961117544,0.41173269183271,1.5588994828934168,-0.7820157008848647,-0.7002080134759401,0,1
643,2.117107190754133,1.372089322158445,-0.7378063230712658,-0.5283622494715786,-0.6823030911797097,-0.1638220984607842,-0.5544873301529852,-0.1290998923652517,0.2732312961117544,-2.428760260810931,-0.6414781780182107,1.2787467040220322,-0.7002080134759401,1,1
290,-0.4723426401682528,-0.7288155252362811,-0.7378063230712658,-0.5283622494715786,0.392600736557975,-0.3814604428547644,0.2718163625257105,-0.0803491945107634,0.2732312961117544,0.41173269183271,1.5588994828934168,-0.7820157008848647,-0.7002080134759401,0,0
330,-0.4723426401682528,1.372089322158445,0.2534695683198878,-0.5283622494715786,0.392600736557975,-0.1670131801264162,0.0587421901172554,-0.3421333043639695,0.2732312961117544,0.41173269183271,-0.6414781780182107,-0.7820157008848647,1.4281470373865712,0,0
623,2.117107190754133,1.372089322158445,-0.7378063230712658,-0.5283622494715786,0.392600736557975,-0.1920838154218599,-0.5544873301529852,-0.2386500525551453,0.2732312961117544,-2.428760260810931,-0.6414781780182107,1.2787467040220322,-0.7002080134759401,1,1
486,-0.4723426401682528,1.372089322158445,1.2447454597110414,-0.5283622494715786,0.392600736557975,-0.3041349210764754,-0.5544873301529852,-0.7824065800261797,0.2732312961117544,-2.428760260810931,1.5588994828934168,-0.7820157008848647,-0.7002080134759401,1,1
608,-0.4723426401682528,-0.7288155252362811,-0.7378063230712658,-0.5283622494715786,0.392600736557975,-0.355739877348003,0.1124382496166574,-0.4492268038493719,0.2732312961117544,0.41173269183271,1.5588994828934168,-0.7820157008848647,-0.7002080134759401,0,0
529,-0.4723426401682528,1.372089322158445,-0.7378063230712658,1.892640893629536,0.392600736557975,0.2260036138272179,-0.5544873301529852,-0.1874426939961659,0.2732312961117544,0.41173269183271,-0.6414781780182107,1.2787467040220322,-0.7002080134759401,1,0
166,2.117107190754133,-0.7288155252362811,-0.7378063230712658,-0.5283622494715786,0.392600736557975,-0.1344119537834512,-0.5544873301529852,-0.4016296929669709,0.2732312961117544,0.41173269183271,1.5588994828934168,-0.7820157008848647,-0.7002080134759401,0,1
31,-0.4723426401682528,1.372089322158445,-0.7378063230712658,-0.5283622494715786,0.392600736557975,-0.3663885191183182,-0.5544873301529852,-0.8538022463497813,0.2732312961117544,0.41173269183271,-0.6414781780182107,-0.7820157008848647,1.4281470373865712,0,1
537,-0.4723426401682528,1.372089322158445,1.2447454597110414,-0.5283622494715786,0.392600736557975,-0.2926671530161359,-0.5544873301529852,-0.4611260815699722,0.2732312961117544,0.41173269183271,-0.6414781780182107,1.2787467040220322,-0.7002080134759401,1,0
822,2.117107190754133,1.372089322158445,-0.7378063230712658,-0.5283622494715786,0.392600736557975,-0.5941272101329134,-0.2060214580484131,-0.5293785674633229,0.2732312961117544,-2.428760260810931,-0.6414781780182107,1.2787467040220322,-0.7002080134759401,1,1
429,-0.4723426401682528,1.372089322158445,-0.7378063230712658,1.892640893629536,0.392600736557975,-0.4401098852205005,-0.5544873301529852,-1.0203921344381852,-2.522835634098532,0.41173269183271,-0.6414781780182107,-0.7820157008848647,1.4281470373865712,1,0
323,2.117107190754133,1.372089322158445,-0.7378063230712658,-0.5283622494715786,0.392600736557975,-0.3665523443763231,0.4664218265713139,-0.1636441385549653,0.2732312961117544,0.41173269183271,1.5588994828934168,-0.7820157008848647,-0.7002080134759401,0,0
269,2.117107190754133,1.372089322158445,0.2534695683198878,-0.5283622494715786,0.392600736557975,-0.4140616691977294,-0.0209468663372711,-0.6634138028201769,0.2732312961117544,0.41173269183271,-0.6414781780182107,-0.7820157008848647,1.4281470373865712,0,0
280,-0.4723426401682528,1.372089322158445,0.2534695683198878,1.892640893629536,-2.5471169737663755,-0.2212393405260215,0.2752364937040163,0.1457370821806418,0.2732312961117544,-2.428760260810931,-0.6414781780182107,-0.7820157008848647,1.4281470373865712,1,1
785,-0.4723426401682528,0.7349573323338148,-0.7378063230712658,-0.5283622494715786,0.392600736557975,-0.3909088104406596,-0.3252643970623966,-0.5139976103168595,0.2732312961117544,-2.428760260810931,-0.6414781780182107,1.2787467040220322,-0.7002080134759401,1,1
812,-0.4723426401682528,1.372089322158445,-0.7378063230712658,1.3121149434335466,0.392600736557975,-0.5404843919085632,-0.5544873301529852,-0.3624659576040394,0.2732312961117544,0.41173269183271,-0.6414781780182107,-0.7820157008848647,1.4281470373865712,1,1
45,2.117107190754133,1.372089322158445,-0.7378063230712658,-0.5283622494715786,0.392600736557975,-0.3265789814231398,-0.5544873301529852,-0.6872123582613775,0.2732312961117544,0.41173269183271,-0.6414781780182107,-0.7820157008848647,1.4281470373865712,0,0
222,-0.4723426401682528,1.372089322158445,-0.7378063230712658,-0.5283622494715786,0.392600736557975,-0.3984982696872687,0.4000712817121802,-0.020852805907762,0.2732312961117544,0.41173269183271,-0.6414781780182107,1.2787467040220322,-0.7002080134759401,0,0
766,-0.4723426401682528,1.2006677130363803,-0.7378063230712658,1.892640893629536,0.392600736557975,-0.3709542075953578,0.2186148335599614,-0.1816396551653699,-2.294692844583808,-2.428760260810931,-0.6414781780182107,-0.7820157008848647,1.4281470373865712,1,1
583,-0.4723426401682528,-0.7288155252362811,0.2534695683198878,-0.5283622494715786,0.392600736557975,-0.5772316261705597,-0.5544873301529852,-1.0084928567175848,0.2732312961117544,0.41173269183271,1.5588994828934168,-0.7820157008848647,-0.7002080134759401,0,1
515,-0.4723426401682528,-0.7288155252362811,2.236021351102195,-0.5283622494715786,0.392600736557975,-0.3174047669748682,0.6179336377702636,0.0505428604158395,0.2732312961117544,0.41173269183271,1.5588994828934168,-0.7820157008848647,-0.7002080134759401,0,0
618,-0.4723426401682528,-0.7288155252362811,-0.7378063230712658,-0.5283622494715786,0.392600736557975,-0.3340614596553371,0.1978703387708578,-0.1279463053931645,0.2732312961117544,0.41173269183271,1.5588994828934168,-0.7820157008848647,-0.7002080134759401,1,1
424,-0.4723426401682528,-0.7288155252362811,-0.7378063230712658,-0.5283622494715786,0.392600736557975,1.5524967278924848,-0.5544873301529852,-0.5920181364965753,0.2732312961117544,0.41173269183271,-0.6414781780182107,1.2787467040220322,-0.7002080134759401,0,0
718,-0.4723426401682528,-0.7288155252362811,-0.7378063230712658,-0.5283622494715786,0.392600736557975,-0.2622932701623957,0.3935241735495934,-0.044320508970016,-0.8735172641393825,-2.428760260810931,1.5588994828934168,-0.7820157008848647,-0.7002080134759401,1,1
795,-0.4723426401682528,0.7407930691763176,-0.7378063230712658,-0.5283622494715786,0.392600736557975,-0.2440510022328276,0.6298813827419187,-0.4186253334697274,-0.5669526742940936,0.41173269183271,-0.6414781780182107,1.2787467040220322,-0.7002080134759401,1,1
133,-0.4723426401682528,-0.7288155252362811,-0.7378063230712658,-0.5283622494715786,-2.5471169737663755,-0.3185515437809021,-0.5544873301529852,-1.4368668546591947,-3.454857944168628,0.41173269183271,-0.6414781780182107,1.2787467040220322,-0.7002080134759401,0,0
147,-0.4723426401682528,-0.7288155252362811,0.2534695683198878,-0.5283622494715786,0.392600736557975,-0.6332598644082182,-0.0671186372444002,-1.3773704660561934,0.2732312961117544,0.41173269183271,-0.6414781780182107,-0.7820157008848647,1.4281470373865712,0,0
634,2.117107190754133,1.372089322158445,-0.7378063230712658,0.206886060529672,0.392600736557975,-0.3495013499996785,-0.5544873301529852,-0.8155486517084247,0.2732312961117544,-2.428760260810931,-0.6414781780182107,-0.7820157008848647,1.4281470373865712,1,1
103,-0.4723426401682528,-0.7288155252362811,-0.7378063230712658,-0.5283622494715786,0.392600736557975,-0.1231080109811166,0.6709456710340044,-0.2112412494373664,0.2732312961117544,0.41173269183271,-0.6414781780182107,1.2787467040220322,-0.7002080134759401,0,0
287,-0.4723426401682528,-0.7288155252362811,-0.7378063230712658,-0.5283622494715786,0.392600736557975,-0.278414355569714,0.1295389055081867,-0.3064354712021687,0.2732312961117544,0.41173269183271,1.5588994828934168,-0.7820157008848647,-0.7002080134759401,0,0
581,-0.4723426401682528,1.372089322158445,-0.7378063230712658,-0.5283622494715786,0.392600736557975,-0.584439937522773,11.018210537880554,-0.6634138028201769,0.2732312961117544,0.41173269183271,-0.6414781780182107,-0.7820157008848647,1.4281470373865712,1,1
257,-0.4723426401682528,-0.7288155252362811,2.236021351102195,-0.5283622494715786,0.392600736557975,-0.0251405066942165,-0.5544873301529852,-0.6158166919377758,0.2732312961117544,0.41173269183271,-0.6414781780182107,-0.7820157008848647,1.4281470373865712,0,1
621,2.117107190754133,1.372089322158445,-0.7378063230712658,-0.5283622494715786,0.392600736557975,-0.3190981355382946,-0.5544873301529852,-0.8398001195329319,0.2732312961117544,-2.428760260810931,-0.6414781780182107,-0.7820157008848647,1.4281470373865712,1,1
693,-0.4723426401682528,1.058904177565461,-0.59003528824222,-0.5283622494715786,-0.0456275427056915,0.2022878609944106,0.9847507677384448,1.0488321585867175,0.2732312961117544,-2.428760260810931,1.5588994828934168,-0.7820157008848647,-0.7002080134759401,1,1
58,-0.4723426401682528,-0.7288155252362811,0.2534695683198878,-0.5283622494715786,0.392600736557975,0.4384849734595078,0.2150421849658332,0.4075211920338478,0.2732312961117544,0.41173269183271,-0.6414781780182107,-0.7820157008848647,1.4281470373865712,0,0
122,2.117107190754133,1.372089322158445,-0.7378063230712658,-0.5283622494715786,0.392600736557975,-0.5351285348633134,2.5167904679656767,-0.1041477499519639,0.2732312961117544,-2.428760260810931,-0.6414781780182107,1.2787467040220322,-0.7002080134759401,1,0
681,-0.4723426401682528,-0.7288155252362811,0.2534695683198878,-0.5283622494715786,0.392600736557975,0.8032883937515055,2.4487118570410678,1.8629406235946693,0.2732312961117544,0.41173269183271,-0.6414781780182107,1.2787467040220322,-0.7002080134759401,1,1
438,-0.4723426401682528,1.372089322158445,-0.7378063230712658,-0.5283622494715786,-2.5471169737663755,0.8211807761588364,-0.5544873301529852,0.4908161360780497,0.2732312961117544,-2.428760260810931,-0.6414781780182107,-0.7820157008848647,1.4281470373865712,1,1
22,-0.4723426401682528,-0.7288155252362811,-0.7378063230712658,1.892640893629536,0.392600736557975,-0.4592774404070679,0.0990997380212645,-0.3540325820845698,0.2732312961117544,-2.428760260810931,-0.6414781780182107,1.2787467040220322,-0.7002080134759401,1,1
181,-0.4723426401682528,1.372089322158445,-0.7378063230712658,-0.5283622494715786,0.392600736557975,-0.5713339168823851,1.1771250854232715,-0.9370971903939832,0.2732312961117544,0.41173269183271,1.5588994828934168,-0.7820157008848647,-0.7002080134759401,0,1
702,-0.4723426401682528,-0.7288155252362811,-0.0492302645416445,1.892640893629536,0.392600736557975,-0.2977790122017901,-0.0833767558121366,0.0042222708112875,-1.6690178425082212,0.41173269183271,-0.6414781780182107,-0.7820157008848647,1.4281470373865712,1,1
827,-0.4723426401682528,-0.7288155252362811,-0.6444707705946425,-0.5283622494715786,0.392600736557975,2.3255000950402143,1.0769731446437505,4.969811492375952,0.2732312961117544,0.41173269183271,1.351718549288559,-0.7820157008848647,-0.4998085119205479,1,1
281,-0.4723426401682528,-0.7288155252362811,-0.7378063230712658,-0.5283622494715786,0.392600736557975,-0.2418813230346325,-0.2808768358885165,-0.4016296929669709,0.2732312961117544,0.41173269183271,-0.6414781780182107,1.2787467040220322,-0.7002080134759401,0,0
252,-0.4723426401682528,1.372089322158445,-0.7378063230712658,1.892640893629536,-2.5471169737663755,-0.4620624697931504,0.1866550961858946,-0.496823914731773,0.2732312961117544,0.41173269183271,1.5588994828934168,-0.7820157008848647,-0.7002080134759401,0,0
418,-0.4723426401682528,-0.7288155252362811,-0.7378063230712658,-0.5283622494715786,0.392600736557975,-0.717302221764706,0.3939150455912297,-0.4016296929669709,0.2732312961117544,0.41173269183271,1.5588994828934168,-0.7820157008848647,-0.7002080134759401,0,0
186,-0.4723426401682528,-0.7288155252362811,0.2534695683198878,-0.5283622494715786,-2.5471169737663755,-0.5284116992851144,-0.5544873301529852,-0.9489964681145836,-0.6587910139583409,-2.428760260810931,1.5588994828934168,-0.7820157008848647,-0.7002080134759401,1,1
792,-0.4723426401682528,-0.7288155252362811,0.0968708511831563,-0.5283622494715786,0.392600736557975,-0.4076788226592314,0.1141190600867538,-0.047809155671291,0.2732312961117544,-2.428760260810931,1.5588994828934168,-0.7820157008848647,-0.7002080134759401,1,1
481,-0.4723426401682528,-0.7288155252362811,2.236021351102195,1.892640893629536,0.392600736557975,-0.3781839376946674,-0.5544873301529852,-0.3897304152463706,0.2732312961117544,0.41173269183271,1.5588994828934168,-0.7820157008848647,-0.7002080134759401,1,0
34,-0.4723426401682528,1.372089322158445,2.236021351102195,-0.5283622494715786,0.392600736557975,1.162592613840943,0.4715520233387727,2.0734200729178864,0.2732312961117544,0.41173269183271,1.5588994828934168,-0.7820157008848647,-0.7002080134759401,0,1
820,-0.4723426401682528,-0.7288155252362811,2.236021351102195,1.892640893629536,0.392600736557975,-0.346928633815094,-0.4079594693334427,-0.4749722848851735,-1.768007494680065,0.41173269183271,1.5588994828934168,-0.7820157008848647,-0.7002080134759401,1,1
483,-0.4723426401682528,-0.7288155252362811,-0.7378063230712658,-0.5283622494715786,0.392600736557975,0.8894959087468587,-0.5544873301529852,1.0500821889462626,0.2732312961117544,0.41173269183271,-0.6414781780182107,1.2787467040220322,-0.7002080134759401,0,0
286,2.117107190754133,1.372089322158445,-0.7378063230712658,-0.5283622494715786,-2.5471169737663755,-0.4592774404070679,0.0327491931621308,-0.5563203033347744,-0.6587910139583409,0.41173269183271,-0.6414781780182107,1.2787467040220322,-0.7002080134759401,0,1
398,-0.4723426401682528,1.372089322158445,-0.7378063230712658,1.892640893629536,0.392600736557975,-0.2459769544847538,0.015306524152771,-0.4373275261287717,0.2732312961117544,0.41173269183271,1.5588994828934168,-0.7820157008848647,-0.7002080134759401,1,0
683,-0.4723426401682528,-0.7288155252362811,-0.7035273596951803,1.892640893629536,0.392600736557975,-0.0893508341044399,-0.4917803880257037,-0.1496874371204992,0.2732312961117544,0.41173269183271,1.5588994828934168,-0.7820157008848647,-0.7002080134759401,1,1
636,-0.4723426401682528,-0.4176989762613801,-0.7378063230712658,-0.5283622494715786,0.392600736557975,-0.2588980586694075,0.0739879351590833,-0.309524111391236,0.2732312961117544,-2.428760260810931,1.5588994828934168,-0.7820157008848647,-0.7002080134759401,1,1
585,-0.4723426401682528,-0.7288155252362811,0.2534695683198878,-0.5283622494715786,0.392600736557975,-0.1835595311849061,0.4715520233387727,0.3123269702690456,-4.014071330210684,0.41173269183271,1.5588994828934168,-0.7820157008848647,-0.7002080134759401,0,1
423,-0.4723426401682528,-0.7288155252362811,0.2534695683198878,-0.5283622494715786,0.392600736557975,0.3025100093154826,0.0156485372706015,-0.4254282484081714,0.2732312961117544,-2.428760260810931,-0.6414781780182107,-0.7820157008848647,1.4281470373865712,1,1
517,-0.4723426401682528,-0.7288155252362811,-0.7378063230712658,1.892640893629536,0.392600736557975,-0.3816242681127693,0.0611362819420695,-0.2707376380403678,0.2732312961117544,-2.428760260810931,-0.6414781780182107,1.2787467040220322,-0.7002080134759401,1,1
232,-0.4723426401682528,1.372089322158445,-0.7378063230712658,1.892640893629536,0.392600736557975,-0.3627843634422115,0.3340627499708771,-0.3064354712021687,0.2732312961117544,0.41173269183271,1.5588994828934168,-0.7820157008848647,-0.7002080134759401,0,0
526,-0.4723426401682528,-0.7288155252362811,-0.7378063230712658,-0.5283622494715786,0.392600736557975,-0.2667827622513697,-0.5544873301529852,-0.4254282484081714,0.2732312961117544,0.41173269183271,-0.6414781780182107,1.2787467040220322,-0.7002080134759401,0,0
704,-0.4723426401682528,-0.7288155252362811,1.1424936524399008,1.892640893629536,0.392600736557975,-0.4419182948253222,0.0748006288832847,-0.4419645557712499,-2.522835634098532,-0.86201292611499,-0.6414781780182107,-0.7820157008848647,1.4281470373865712,1,1
458,-0.4723426401682528,1.372089322158445,1.2447454597110414,-0.5283622494715786,0.392600736557975,-0.1719279378665617,-0.5544873301529852,-0.1160470276725642,0.2732312961117544,0.41173269183271,1.5588994828934168,-0.7820157008848647,-0.7002080134759401,1,0
832,0.140413314674491,-0.7288155252362811,-0.7378063230712658,1.892640893629536,0.392600736557975,-0.5933157094449681,0.7230947943328131,0.5926427978336817,0.2732312961117544,-2.428760260810931,-0.6414781780182107,1.2787467040220322,-0.7002080134759401,1,1
73,-0.4723426401682528,-0.7288155252362811,2.236021351102195,1.892640893629536,0.392600736557975,-0.106234009406617,-0.5544873301529852,-0.6039174142171756,0.2732312961117544,-2.428760260810931,-0.6414781780182107,1.2787467040220322,-0.7002080134759401,1,1
575,-0.4723426401682528,-0.7288155252362811,1.2447454597110414,-0.5283622494715786,0.392600736557975,-0.367699121182357,-0.3968192828330851,-0.4492268038493719,-4.014071330210684,0.41173269183271,-0.6414781780182107,-0.7820157008848647,1.4281470373865712,0,0
309,-0.4723426401682528,-0.7288155252362811,1.2447454597110414,1.892640893629536,0.392600736557975,0.3708251419035049,-0.5544873301529852,0.4670175806368492,0.2732312961117544,0.41173269183271,1.5588994828934168,-0.7820157008848647,-0.7002080134759401,0,0
496,-0.4723426401682528,-0.7288155252362811,-0.7378063230712658,1.892640893629536,0.392600736557975,-0.4592774404070679,0.0269349701590109,-0.4611260815699722,0.2732312961117544,0.41173269183271,1.5588994828934168,-0.7820157008848647,-0.7002080134759401,0,0
117,-0.4723426401682528,-0.7288155252362811,0.2534695683198878,-0.5283622494715786,0.392600736557975,-0.5225139899969399,-0.076352991425826,-0.7229101914231782,0.2732312961117544,0.41173269183271,-0.6414781780182107,-0.7820157008848647,1.4281470373865712,0,0
835,-0.4723426401682528,0.3958538560962252,-0.7378063230712658,1.892640893629536,0.392600736557975,-0.2715853702677915,-0.5544873301529852,-0.5849045188583923,-0.225704653393285,0.41173269183271,1.5588994828934168,-0.7820157008848647,-0.7002080134759401,1,1
168,-0.4723426401682528,1.372089322158445,-0.7378063230712658,-0.5283622494715786,0.392600736557975,-0.5187460090628284,-0.5544873301529852,-0.9846943012763844,2.137275916251945,-2.428760260810931,-0.6414781780182107,1.2787467040220322,-0.7002080134759401,1,1
125,2.117107190754133,1.372089322158445,-0.7378063230712658,-0.5283622494715786,0.392600736557975,-0.2803802586657722,-0.5544873301529852,-0.6277159696583761,0.2732312961117544,0.41173269183271,1.5588994828934168,-0.7820157008848647,-0.7002080134759401,0,0
810,-0.4723426401682528,-0.7288155252362811,-0.4856665598968845,-0.5283622494715786,0.392600736557975,0.453316412671191,-0.5544873301529852,0.1594466836031726,0.2732312961117544,0.41173269183271,-0.6414781780182107,1.2787467040220322,-0.7002080134759401,1,1
114,-0.4723426401682528,1.372089322158445,-0.7378063230712658,-0.5283622494715786,0.392600736557975,-0.0579055582951864,-0.5544873301529852,-0.3302340266433692,0.2732312961117544,0.41173269183271,-0.6414781780182107,1.2787467040220322,-0.7002080134759401,0,0
163,-0.4723426401682528,-0.7288155252362811,1.2447454597110414,-0.5283622494715786,0.392600736557975,-0.2025632611134686,-0.0595943486521273,0.1457370821806418,0.2732312961117544,0.41173269183271,1.5588994828934168,-0.7820157008848647,-0.7002080134759401,0,0
238,2.117107190754133,1.372089322158445,0.2534695683198878,-0.5283622494715786,0.392600736557975,-0.2607212277051902,-0.5544873301529852,-0.4016296929669709,0.2732312961117544,0.41173269183271,1.5588994828934168,-0.7820157008848647,-0.7002080134759401,0,0
255,2.117107190754133,1.372089322158445,2.236021351102195,-0.5283622494715786,0.392600736557975,-0.3801498407907256,-0.5544873301529852,1.2999670210788683,0.2732312961117544,0.41173269183271,1.5588994828934168,-0.7820157008848647,-0.7002080134759401,0,0
590,-0.4723426401682528,-0.7288155252362811,-0.7378063230712658,-0.5283622494715786,0.392600736557975,-0.3937473372051281,0.6138294803562965,-1.0679892453205864,-2.522835634098532,0.41173269183271,-0.6414781780182107,1.2787467040220322,-0.7002080134759401,0,0
136,2.117107190754133,-0.7288155252362811,-0.7378063230712658,-0.5283622494715786,0.392600736557975,-0.1344119537834512,-0.5544873301529852,-0.7348094691437785,0.2732312961117544,0.41173269183271,1.5588994828934168,-0.7820157008848647,-0.7002080134759401,0,1
641,-0.4723426401682528,-0.7288155252362811,0.2207071736027658,1.892640893629536,0.392600736557975,-0.4746173135604193,0.1442636584071915,-0.0731692749859991,-2.522835634098532,0.41173269183271,-0.6414781780182107,-0.7820157008848647,1.4281470373865712,1,1
98,-0.4723426401682528,-0.7288155252362811,-0.7378063230712658,1.892640893629536,0.392600736557975,-0.1991229306953668,-0.5544873301529852,-0.36593185980517,-2.522835634098532,0.41173269183271,-0.6414781780182107,1.2787467040220322,-0.7002080134759401,0,0
85,-0.4723426401682528,1.372089322158445,-0.7378063230712658,-0.5283622494715786,0.392600736557975,-0.4976125507802028,0.3111478710762279,-0.1160470276725642,0.2732312961117544,0.41173269183271,-0.6414781780182107,1.2787467040220322,-0.7002080134759401,0,0
9,-0.4723426401682528,-0.7288155252362811,0.2534695683198878,-0.5283622494715786,0.392600736557975,1.2184570268205968,3.196712546212882,2.4184991268152944,0.2732312961117544,0.41173269183271,-0.6414781780182107,1.2787467040220322,-0.7002080134759401,0,1
203,-0.4723426401682528,-0.7288155252362811,0.2534695683198878,1.892640893629536,0.392600736557975,-0.3118347082027033,-0.1840871235424606,-0.1279463053931645,0.2732312961117544,0.41173269183271,-0.6414781780182107,-0.7820157008848647,1.4281470373865712,0,0
434,-0.4723426401682528,1.372089322158445,-0.7378063230712658,-0.5283622494715786,0.392600736557975,-0.2708783937014909,-0.5544873301529852,-0.5444210256141742,0.2732312961117544,0.41173269183271,-0.6414781780182107,-0.7820157008848647,1.4281470373865712,0,0
302,2.117107190754133,1.372089322158445,-0.7378063230712658,-0.5283622494715786,0.392600736557975,-0.0660968211954289,-0.5544873301529852,-0.1636441385549653,0.2732312961117544,0.41173269183271,1.5588994828934168,-0.7820157008848647,-0.7002080134759401,0,0
642,-0.4723426401682528,-0.7288155252362811,-0.7378063230712658,1.892640893629536,0.392600736557975,-0.1573540707615745,0.3670249091079684,0.3453439243588404,0.2732312961117544,-2.428760260810931,1.5588994828934168,-0.7820157008848647,-0.7002080134759401,1,1
651,-0.4723426401682528,-0.7288155252362811,-0.7378063230712658,1.892640893629536,0.392600736557975,-0.5091413600716225,0.2932052209236305,0.165845974218195,0.2732312961117544,-2.428760260810931,-0.6414781780182107,-0.7820157008848647,1.4281470373865712,1,1
768,0.4912061041282769,1.372089322158445,-0.7378063230712658,-0.5283622494715786,0.392600736557975,-0.4476323547203875,-0.5544873301529852,-0.6385066935843386,0.2732312961117544,-2.428760260810931,-0.6414781780182107,1.2787467040220322,-0.7002080134759401,1,1
692,-0.4723426401682528,-0.7288155252362811,2.236021351102195,1.892640893629536,0.392600736557975,-0.1029980571219803,-0.5544873301529852,-0.5598474070250126,0.2732312961117544,-2.1099720172655454,-0.6414781780182107,1.2787467040220322,-0.7002080134759401,1,1
174,-0.4723426401682528,-0.7288155252362811,-0.7378063230712658,1.892640893629536,-2.5471169737663755,-0.1735661904466102,-0.302765675429674,-0.6991116359819778,0.2732312961117544,0.41173269183271,-0.6414781780182107,1.2787467040220322,-0.7002080134759401,0,1
224,-0.4723426401682528,-0.7288155252362811,-0.7378063230712658,-0.5283622494715786,0.392600736557975,0.138684751310633,-0.5544873301529852,-0.2112412494373664,0.2732312961117544,0.41173269183271,-0.6414781780182107,1.2787467040220322,-0.7002080134759401,0,0
244,-0.4723426401682528,-0.7288155252362811,-0.7378063230712658,1.892640893629536,0.392600736557975,-0.3272342824551592,0.956184611304713,-0.2707376380403678,0.2732312961117544,0.41173269183271,-0.6414781780182107,1.2787467040220322,-0.7002080134759401,0,0
834,-0.4723426401682528,-0.7288155252362811,-0.0512400739102576,1.892640893629536,0.392600736557975,-0.123584917543684,-0.385117242732179,-0.1682279460043119,0.2732312961117544,0.41173269183271,1.5588994828934168,-0.7820157008848647,-0.7002080134759401,1,1
327,-0.4723426401682528,-0.7288155252362811,-0.7378063230712658,-0.5283622494715786,-2.5471169737663755,0.067912239852538,0.1842610043610804,0.4551183029162489,0.2732312961117544,0.41173269183271,-0.6414781780182107,1.2787467040220322,-0.7002080134759401,0,0
358,-0.4723426401682528,-0.7288155252362811,-0.7378063230712658,1.892640893629536,0.392600736557975,-0.3937473372051281,0.015306524152771,-0.5444210256141742,2.137275916251945,-2.428760260810931,-0.6414781780182107,-0.7820157008848647,1.4281470373865712,1,1
491,-0.4723426401682528,-0.7288155252362811,0.2534695683198878,1.892640893629536,0.392600736557975,-0.011543010279814,-0.1676704938865925,0.4789168583574494,0.2732312961117544,0.41173269183271,-0.6414781780182107,-0.7820157008848647,1.4281470373865712,1,0
55,-0.4723426401682528,-0.7288155252362811,1.2447454597110414,-0.5283622494715786,0.392600736557975,-0.4415843125425442,-0.1553580216446914,-0.580118858775975,0.2732312961117544,0.41173269183271,-0.6414781780182107,1.2787467040220322,-0.7002080134759401,0,0
622,-0.4723426401682528,-0.7288155252362811,0.7153154944370665,1.892640893629536,0.392600736557975,-0.4325813123584011,-0.2804889488716018,-0.7667223738899769,-2.522835634098532,-2.428760260810931,0.5337202493047736,-0.7820157008848647,0.2914151240466232,1,1
826,-0.4723426401682528,1.372089322158445,-0.7378063230712658,-0.5283622494715786,0.392600736557975,0.1115602456363003,0.715062398655051,1.9630495456966663,0.2732312961117544,0.41173269183271,1.5588994828934168,-0.7820157008848647,-0.7002080134759401,1,1
771,-0.4723426401682528,-0.7288155252362811,-0.7378063230712658,1.892640893629536,0.392600736557975,0.0312716389198501,-0.2378869262605282,-0.1332729611920967,0.2732312961117544,-2.428760260810931,-0.6414781780182107,-0.7820157008848647,1.4281470373865712,1,1
544,2.117107190754133,-0.7288155252362811,-0.7378063230712658,1.892640893629536,0.392600736557975,-0.3909623078190457,-0.3277326330313067,-0.5206224701729736,0.2732312961117544,0.41173269183271,-0.6414781780182107,1.2787467040220322,-0.7002080134759401,0,0
390,-0.4723426401682528,1.372089322158445,2.236021351102195,-0.5283622494715786,0.392600736557975,0.6165630289107793,-0.5544873301529852,0.4670175806368492,0.2732312961117544,0.41173269183271,1.5588994828934168,-0.7820157008848647,-0.7002080134759401,0,0
783,-0.4723426401682528,-0.7288155252362811,0.0054014278526757,1.892640893629536,0.392600736557975,-0.4149268822115697,0.1066017457217754,-0.2735958081356537,-1.8231160807199924,-2.428760260810931,1.5588994828934168,-0.7820157008848647,-0.7002080134759401,1,1
93,-0.4723426401682528,1.372089322158445,-0.7378063230712658,-0.5283622494715786,0.392600736557975,-0.2081333198856335,-0.5544873301529852,-0.2826369157609681,0.2732312961117544,0.41173269183271,-0.6414781780182107,1.2787467040220322,-0.7002080134759401,0,0
763,-0.4723426401682528,-0.7288155252362811,0.8286268170483169,-0.5283622494715786,0.392600736557975,-0.090781914924004,0.0753729225648241,0.1822975080560455,0.2732312961117544,0.41173269183271,1.5588994828934168,-0.7820157008848647,-0.7002080134759401,1,1
84,-0.4723426401682528,-0.7288155252362811,0.2534695683198878,-0.5283622494715786,0.392600736557975,-0.2318879822963367,-0.5544873301529852,-1.139384911644188,-1.5908133240284363,0.41173269183271,-0.6414781780182107,-0.7820157008848647,1.4281470373865712,0,0
758,-0.4723426401682528,-0.7288155252362811,0.5534895361807866,-0.5283622494715786,0.392600736557975,-0.2163116353515957,-0.5544873301529852,-0.8884777466759025,0.2732312961117544,0.41173269183271,-0.6414781780182107,-0.7820157008848647,1.4281470373865712,1,1
70,-0.4723426401682528,-0.7288155252362811,-0.7378063230712658,-0.5283622494715786,0.392600736557975,-0.3596716835401194,0.4941248891155914,0.3123269702690456,0.2732312961117544,0.41173269183271,-0.6414781780182107,-0.7820157008848647,1.4281470373865712,0,0
16,-0.4723426401682528,1.372089322158445,0.2534695683198878,1.892640893629536,0.392600736557975,-0.2961074834342377,-0.5544873301529852,-0.5444210256141742,-1.5908133240284363,0.41173269183271,-0.6414781780182107,-0.7820157008848647,1.4281470373865712,0,0
488,-0.4723426401682528,-0.7288155252362811,1.2447454597110414,-0.5283622494715786,-2.5471169737663755,-0.1344119537834512,0.1579259942881253,0.1695356376218423,0.2732312961117544,0.41173269183271,-0.6414781780182107,1.2787467040220322,-0.7002080134759401,0,0
441,-0.4723426401682528,-0.7288155252362811,-0.7378063230712658,-0.5283622494715786,0.392600736557975,0.4091602522766397,0.0724227148304788,0.4075211920338478,0.2732312961117544,0.41173269183271,1.5588994828934168,-0.7820157008848647,-0.7002080134759401,0,0
759,-0.4723426401682528,-0.7288155252362811,2.236021351102195,-0.5283622494715786,0.392600736557975,-0.0370704097486185,2.899256476230595,3.607934403287556,0.2732312961117544,-2.428760260810931,-0.6414781780182107,1.2787467040220322,-0.7002080134759401,1,1
531,-0.4723426401682528,-0.7288155252362811,2.236021351102195,-0.5283622494715786,0.392600736557975,-0.1838871817009158,-0.5544873301529852,-0.5444210256141742,0.2732312961117544,0.41173269183271,-0.6414781780182107,-0.7820157008848647,1.4281470373865712,1,0
524,-0.4723426401682528,1.372089322158445,-0.7378063230712658,-0.5283622494715786,0.392600736557975,-0.1185209037569808,0.1592940467594477,-0.2112412494373664,0.2732312961117544,0.41173269183271,-0.6414781780182107,1.2787467040220322,-0.7002080134759401,0,1
26,-0.4723426401682528,-0.7288155252362811,-0.7378063230712658,-0.5283622494715786,0.392600736557975,-0.4266762140641029,0.216068224319325,-0.2826369157609681,0.2732312961117544,0.41173269183271,-0.6414781780182107,1.2787467040220322,-0.7002080134759401,0,0
12,-0.4723426401682528,-0.7288155252362811,1.2447454597110414,-0.5283622494715786,0.392600736557975,-0.3817880933707741,2.2178710029817448,0.6455067464458534,0.2732312961117544,0.41173269183271,-0.6414781780182107,-0.7820157008848647,1.4281470373865712,0,0
23,-0.4723426401682528,-0.7288155252362811,1.2447454597110414,1.892640893629536,0.392600736557975,-0.333951118033358,0.101151816728248,-0.4016296929669709,0.2732312961117544,-2.428760260810931,1.5588994828934168,-0.7820157008848647,-0.7002080134759401,1,1
658,-0.4723426401682528,1.0554461034540463,0.4028722360625043,1.5277532459687504,-2.5471169737663755,-0.3518132505647626,-0.1065891579824812,0.553415417935022,-0.0077129308777471,0.41173269183271,-0.6414781780182107,1.2787467040220322,-0.7002080134759401,1,1
399,2.117107190754133,1.372089322158445,-0.7378063230712658,-0.5283622494715786,0.392600736557975,-0.6394852242124025,0.0611362819420695,-0.5087231924523733,0.2732312961117544,-2.428760260810931,-0.6414781780182107,1.2787467040220322,-0.7002080134759401,1,1
