Gender,Married,Dependents,Education,Self_Employed,ApplicantIncome,CoapplicantIncome,LoanAmount,Loan_Amount_Term,Credit_History,PAR_Rural,PAR_Semiurban,prediksi,label_asli
2.117107190754133,1.372089322158445,-0.7378063230712658,1.892640893629536,-2.5471169737663755,1.9428923177180413,-0.5544873301529852,0.9429886894608602,0.2732312961117544,0.41173269183271,-0.6414781780182107,1.2787467040220322,0,0
-0.4723426401682528,-0.7288155252362811,2.236021351102195,1.892640893629536,0.392600736557975,-0.254495867901006,-0.2182884353255192,-0.5444210256141742,0.2732312961117544,0.41173269183271,-0.6414781780182107,1.2787467040220322,0,0
-0.4723426401682528,-0.7288155252362811,0.7153154944370665,1.892640893629536,0.392600736557975,-0.4325813123584011,-0.2804889488716018,-0.7667223738899769,-2.522835634098532,-2.428760260810931,0.5337202493047736,-0.7820157008848647,1,1
-0.4723426401682528,-0.7288155252362811,0.2999883149925589,-0.5283622494715786,0.392600736557975,0.2759863514624605,0.0466732721551427,-0.3662366691394311,0.2732312961117544,-2.428760260810931,-0.6414781780182107,-0.7820157008848647,1,1
-0.4723426401682528,-0.7288155252362811,0.2534695683198878,-0.5283622494715786,0.392600736557975,-0.0751072103856956,-0.5544873301529852,-0.2112412494373664,0.2732312961117544,-2.428760260810931,1.5588994828934168,-0.7820157008848647,1,1
-0.4723426401682528,-0.7288155252362811,0.2534695683198878,1.892640893629536,0.392600736557975,0.1973341936763692,-0.5544873301529852,-0.1041477499519639,-2.522835634098532,0.41173269183271,-0.6414781780182107,-0.7820157008848647,1,0
-0.4723426401682528,-0.7288155252362811,-0.7378063230712658,-0.5283622494715786,0.392600736557975,0.0323928371059711,0.2911834789672357,0.394989530630677,0.2732312961117544,0.41173269183271,1.5588994828934168,-0.7820157008848647,1,1
-0.4723426401682528,1.372089322158445,-0.7378063230712658,1.892640893629536,0.392600736557975,-0.3609822856041582,0.2164102374371555,-0.235039804878567,-2.522835634098532,-2.428760260810931,-0.6414781780182107,-0.7820157008848647,1,1
-0.4723426401682528,-0.7288155252362811,0.2534695683198878,-0.5283622494715786,-2.5471169737663755,1.845252463947151,0.2150421849658332,-0.711010913702578,0.2732312961117544,0.41173269183271,-0.6414781780182107,1.2787467040220322,0,0
-0.4723426401682528,-0.7288155252362811,0.2534695683198878,-0.5283622494715786,0.392600736557975,-0.2027270863714735,0.5977548638182589,0.6574060241664537,0.2732312961117544,0.41173269183271,-0.6414781780182107,-0.7820157008848647,0,1
-0.4723426401682528,-0.7288155252362811,0.2534695683198878,-0.5283622494715786,0.392600736557975,0.1509716456609967,-0.5544873301529852,0.3480248034308464,0.2732312961117544,0.41173269183271,-0.6414781780182107,1.2787467040220322,0,0
-0.4723426401682528,-0.7288155252362811,1.2447454597110414,-0.5283622494715786,0.392600736557975,-0.0660968211954289,-0.5544873301529852,-0.8776008017909819,0.2732312961117544,-2.428760260810931,-0.6414781780182107,1.2787467040220322,1,1
-0.4723426401682528,1.372089322158445,-0.3902049839264546,-0.5283622494715786,0.392600736557975,-0.0899018262150732,-0.5544873301529852,-0.2880466103591421,0.2732312961117544,-2.428760260810931,1.5588994828934168,-0.7820157008848647,1,1
-0.4723426401682528,1.372089322158445,-0.7378063230712658,-0.5283622494715786,0.392600736557975,-0.0457824892028275,-0.5544873301529852,-0.2588383603197676,0.2732312961117544,-2.428760260810931,1.5588994828934168,-0.7820157008848647,1,1
-0.4723426401682528,-0.7288155252362811,0.2534695683198878,1.892640893629536,0.392600736557975,-0.5184183585468186,0.3087537792514138,-0.2112412494373664,0.2732312961117544,0.41173269183271,-0.6414781780182107,-0.7820157008848647,0,0
-0.4723426401682528,-0.7288155252362811,1.2447454597110414,-0.5283622494715786,0.392600736557975,0.138684751310633,0.025224904569858,0.7644995236518561,0.2732312961117544,0.41173269183271,-0.6414781780182107,1.2787467040220322,0,0
2.117107190754133,1.299086724188319,-0.7378063230712658,-0.5283622494715786,0.392600736557975,-0.3186364679121869,-0.5544873301529852,-0.1490336895367648,0.2732312961117544,0.41173269183271,1.5588994828934168,-0.7820157008848647,1,1
-0.4723426401682528,-0.7288155252362811,0.2534695683198878,-0.5283622494715786,0.392600736557975,0.1113259332238231,0.8990684206270051,2.192412850123889,0.2732312961117544,0.41173269183271,-0.6414781780182107,-0.7820157008848647,0,0
2.117107190754133,1.372089322158445,-0.7378063230712658,-0.5283622494715786,0.392600736557975,-0.367699121182357,-0.5544873301529852,-0.5444210256141742,0.2732312961117544,0.41173269183271,-0.6414781780182107,1.2787467040220322,0,0
-0.4723426401682528,-0.7288155252362811,0.2534695683198878,-0.5283622494715786,0.392600736557975,-0.3391935262895132,0.5570553027964192,0.1457370821806418,0.2732312961117544,0.41173269183271,-0.6414781780182107,-0.7820157008848647,0,0
2.117107190754133,1.372089322158445,2.236021351102195,1.892640893629536,0.392600736557975,-0.5854228890708022,-0.5544873301529852,-0.2112412494373664,0.2732312961117544,-2.428760260810931,-0.6414781780182107,-0.7820157008848647,1,1
-0.4723426401682528,-0.7288155252362811,2.236021351102195,1.892640893629536,0.392600736557975,-0.5459410018916334,-0.2966094393087234,-0.6158166919377758,2.137275916251945,0.41173269183271,-0.6414781780182107,1.2787467040220322,0,0
-0.4723426401682528,-0.7288155252362811,0.2534695683198878,-0.5283622494715786,0.392600736557975,0.8758984123324562,-0.5544873301529852,1.978225851153084,0.2732312961117544,0.41173269183271,-0.6414781780182107,-0.7820157008848647,1,0
2.117107190754133,1.372089322158445,-0.7378063230712658,-0.5283622494715786,0.392600736557975,-0.3642587907642552,-0.5544873301529852,-0.8895000795115822,0.2732312961117544,-2.428760260810931,-0.6414781780182107,-0.7820157008848647,1,1
-0.4723426401682528,-0.7288155252362811,0.2534695683198878,-0.5283622494715786,-2.5471169737663755,0.3904841728640869,-0.5544873301529852,1.1214778552698643,0.2732312961117544,0.41173269183271,-0.6414781780182107,-0.7820157008848647,0,0
-0.4723426401682528,-0.7288155252362811,0.2534695683198878,-0.5283622494715786,0.392600736557975,-0.2504002364508847,-0.5544873301529852,-0.9370971903939832,0.2732312961117544,0.41173269183271,-0.6414781780182107,-0.7820157008848647,0,1
2.117107190754133,1.372089322158445,-0.7378063230712658,-0.5283622494715786,0.392600736557975,-0.1920838154218599,-0.5544873301529852,-0.2386500525551453,0.2732312961117544,-2.428760260810931,-0.6414781780182107,1.2787467040220322,1,1
-0.4723426401682528,1.372089322158445,-0.7378063230712658,-0.5283622494715786,0.392600736557975,-0.4043959789754433,-0.5544873301529852,-0.5682195810553747,0.2732312961117544,0.41173269183271,-0.6414781780182107,1.2787467040220322,0,0
2.117107190754133,1.372089322158445,-0.7378063230712658,-0.5283622494715786,0.392600736557975,-0.1403096630716258,-0.5544873301529852,-0.36593185980517,0.2732312961117544,0.41173269183271,-0.6414781780182107,1.2787467040220322,0,0
-0.4723426401682528,-0.7288155252362811,-0.7378063230712658,-0.5283622494715786,0.392600736557975,-0.4948275213941203,0.5857844046941885,0.3123269702690456,0.2732312961117544,0.41173269183271,-0.6414781780182107,1.2787467040220322,0,0
-0.4723426401682528,-0.7288155252362811,1.2447454597110414,-0.5283622494715786,-2.5471169737663755,0.0977284368094206,-0.5544873301529852,0.7050031350488547,-1.5908133240284363,0.41173269183271,-0.6414781780182107,1.2787467040220322,0,1
-0.4723426401682528,-0.7288155252362811,-0.7378063230712658,-0.5283622494715786,0.392600736557975,-0.4800832481736838,0.0758428460087847,0.157636359901242,0.2732312961117544,0.41173269183271,1.5588994828934168,-0.7820157008848647,1,1
-0.4723426401682528,1.372089322158445,-0.7378063230712658,-0.5283622494715786,0.392600736557975,-0.0143280396658964,-0.5544873301529852,-0.1160470276725642,0.2732312961117544,0.41173269183271,-0.6414781780182107,-0.7820157008848647,0,0
-0.4723426401682528,-0.7288155252362811,1.1744234389758323,-0.5283622494715786,-2.3385707036750385,-0.4344167031053441,-0.5234310431707054,-0.4603631741935296,0.2732312961117544,-2.428760260810931,-0.6414781780182107,1.2787467040220322,1,1
2.117107190754133,1.372089322158445,-0.7378063230712658,-0.5283622494715786,0.392600736557975,-0.4886352292443738,-0.141315534091585,-0.3795890898758656,0.2732312961117544,-2.428760260810931,-0.6414781780182107,1.2787467040220322,1,1
-0.4723426401682528,-0.7288155252362811,-0.7378063230712658,-0.5283622494715786,0.392600736557975,0.0431746258938057,0.3576616551011876,0.4075211920338478,0.2732312961117544,0.41173269183271,1.5588994828934168,-0.7820157008848647,1,0
-0.4723426401682528,-0.7288155252362811,-0.7378063230712658,1.892640893629536,-2.5471169737663755,-0.1735661904466102,-0.302765675429674,-0.6991116359819778,0.2732312961117544,0.41173269183271,-0.6414781780182107,1.2787467040220322,0,1
-0.4723426401682528,1.372089322158445,-0.7378063230712658,1.892640893629536,0.392600736557975,-0.2712060442175006,0.0159905503884321,-0.4254282484081714,0.2732312961117544,0.41173269183271,-0.6414781780182107,1.2787467040220322,0,0
-0.4723426401682528,-0.7288155252362811,0.3007694153311611,-0.5283622494715786,-2.4068450281231373,-0.7061779460219679,0.4559188823969233,-0.4152080742153894,0.2732312961117544,0.41173269183271,-0.6414781780182107,-0.7820157008848647,1,1
-0.4723426401682528,1.0554461034540463,0.4028722360625043,1.5277532459687504,-2.5471169737663755,-0.3518132505647626,-0.1065891579824812,0.553415417935022,-0.0077129308777471,0.41173269183271,-0.6414781780182107,1.2787467040220322,0,1
-0.4723426401682528,-0.7288155252362811,1.2447454597110414,-0.5283622494715786,-2.5471169737663755,-0.3419785556755956,0.6425585822540657,-0.6872123582613775,0.2732312961117544,0.41173269183271,-0.6414781780182107,-0.7820157008848647,0,0
-0.4723426401682528,-0.7288155252362811,1.2447454597110414,1.892640893629536,0.392600736557975,-0.3391935262895132,0.1295389055081867,-0.5563203033347744,0.2732312961117544,0.41173269183271,-0.6414781780182107,1.2787467040220322,0,0
-0.4723426401682528,-0.7288155252362811,1.2447454597110414,-0.5283622494715786,0.392600736557975,-0.3773648114046432,-0.0756689651901648,-0.3897304152463706,0.2732312961117544,0.41173269183271,-0.6414781780182107,-0.7820157008848647,0,0
-0.4723426401682528,-0.7288155252362811,-0.7378063230712658,1.892640893629536,0.392600736557975,-0.3080667272685918,0.5502150404398075,0.0743414158570401,0.2732312961117544,-2.428760260810931,1.5588994828934168,-0.7820157008848647,1,1
-0.4723426401682528,-0.074383456790301,-0.7378063230712658,1.892640893629536,0.392600736557975,-0.0167881000469879,-0.5544873301529852,-0.1517448608343651,0.2732312961117544,0.41173269183271,1.5588994828934168,-0.7820157008848647,1,1
-0.4723426401682528,1.372089322158445,-0.7378063230712658,-0.5283622494715786,0.392600736557975,-0.2143586796898178,0.6244318870090446,0.0624421381364398,0.2732312961117544,0.41173269183271,1.5588994828934168,-0.7820157008848647,0,0
2.117107190754133,-0.1913421370193553,1.2447454597110414,-0.5283622494715786,0.392600736557975,-0.5735955903847756,-0.0757425821903944,0.164549187803334,0.2732312961117544,0.41173269183271,-0.6414781780182107,-0.7820157008848647,1,1
2.117107190754133,-0.7288155252362811,1.2447454597110414,-0.5283622494715786,0.392600736557975,-0.5524940122118274,0.003678078146531,-0.3897304152463706,2.137275916251945,0.41173269183271,-0.6414781780182107,1.2787467040220322,0,0
-0.4723426401682528,-0.7288155252362811,1.2447454597110414,1.892640893629536,0.392600736557975,-0.333951118033358,0.101151816728248,-0.4016296929669709,0.2732312961117544,-2.428760260810931,1.5588994828934168,-0.7820157008848647,1,1
-0.4723426401682528,-0.7288155252362811,1.1787624766682447,-0.5283622494715786,-2.5471169737663755,0.2235993119938454,-0.4410460672614689,-0.0148104050822306,0.2732312961117544,-2.428760260810931,1.5588994828934168,-0.7820157008848647,1,1
-0.4723426401682528,-0.7288155252362811,-0.7378063230712658,-0.5283622494715786,0.392600736557975,-0.4068533578455161,-0.5489740784062651,-0.6991116359819778,0.2732312961117544,0.41173269183271,1.5588994828934168,-0.7820157008848647,0,0
2.117107190754133,1.372089322158445,-0.7378063230712658,-0.5283622494715786,-2.5471169737663755,-0.4592774404070679,0.0327491931621308,-0.5563203033347744,-0.6587910139583409,0.41173269183271,-0.6414781780182107,1.2787467040220322,0,1
2.117107190754133,-0.7288155252362811,-0.7378063230712658,-0.5283622494715786,0.392600736557975,-0.4782811703356305,0.2328268670930237,-0.1041477499519639,0.2732312961117544,0.41173269183271,-0.6414781780182107,1.2787467040220322,0,0
-0.4723426401682528,1.372089322158445,-0.7378063230712658,-0.5283622494715786,-2.5471169737663755,0.2889125129010801,-0.5544873301529852,-0.2112412494373664,0.2732312961117544,0.41173269183271,-0.6414781780182107,-0.7820157008848647,1,0
-0.4723426401682528,-0.6219755462259111,-0.7378063230712658,-0.5283622494715786,0.392600736557975,1.446341949482163,0.1909773842063467,1.8872675328297857,0.2732312961117544,0.41173269183271,1.5588994828934168,-0.7820157008848647,1,1
-0.4723426401682528,-0.7288155252362811,1.2447454597110414,-0.5283622494715786,0.392600736557975,-0.1294823993092112,-0.5544873301529852,-0.1633892827672832,0.2732312961117544,0.41173269183271,-0.6414781780182107,-0.7820157008848647,1,1
-0.4723426401682528,-0.7288155252362811,-0.7378063230712658,-0.5283622494715786,0.392600736557975,-0.5362753116693473,1.725372113305701,-0.9013993572321825,-2.522835634098532,0.41173269183271,-0.6414781780182107,1.2787467040220322,0,1
-0.4723426401682528,-0.7288155252362811,1.2447454597110414,1.892640893629536,0.392600736557975,-0.5587193720160116,0.0012839863217169,-0.3897304152463706,-2.522835634098532,0.41173269183271,-0.6414781780182107,1.2787467040220322,0,0
-0.4723426401682528,1.372089322158445,-0.7378063230712658,-0.5283622494715786,-2.5471169737663755,1.7769373313591288,-0.5544873301529852,0.5503125246810512,0.2732312961117544,-2.428760260810931,-0.6414781780182107,-0.7820157008848647,1,1
-0.4723426401682528,1.372089322158445,-0.7378063230712658,-0.5283622494715786,0.392600736557975,-0.3521504353871206,-0.5544873301529852,-0.799110645827171,0.2732312961117544,0.41173269183271,-0.6414781780182107,-0.7820157008848647,1,1
-0.4723426401682528,-0.7288155252362811,2.236021351102195,-0.5283622494715786,0.392600736557975,-0.3663885191183182,0.8135651411693586,0.4075211920338478,-0.6587910139583409,-2.428760260810931,-0.6414781780182107,1.2787467040220322,1,1
-0.4723426401682528,-0.7288155252362811,0.9194556317476416,-0.5283622494715786,0.392600736557975,-0.1688416545710856,-0.5544873301529852,-0.4014658246912859,0.2732312961117544,0.41173269183271,-0.6414781780182107,-0.7820157008848647,1,1
-0.4723426401682528,-0.7288155252362811,0.2534695683198878,1.892640893629536,0.392600736557975,-0.4769705682715917,0.2577938246946564,-0.2112412494373664,0.2732312961117544,0.41173269183271,1.5588994828934168,-0.7820157008848647,0,0
2.117107190754133,-0.7288155252362811,-0.7378063230712658,-0.5283622494715786,0.392600736557975,-0.2004335327594056,0.234194919564346,0.4313197474750483,0.2732312961117544,0.41173269183271,-0.6414781780182107,1.2787467040220322,0,0
-0.4723426401682528,-0.7288155252362811,1.2447454597110414,-0.5283622494715786,0.392600736557975,-0.367699121182357,-0.3968192828330851,-0.4492268038493719,-4.014071330210684,0.41173269183271,-0.6414781780182107,-0.7820157008848647,0,0
-0.4723426401682528,-0.7288155252362811,-0.7378063230712658,-0.5283622494715786,0.392600736557975,0.0528403161160918,1.0170629462785572,1.3356648542406693,0.2732312961117544,0.41173269183271,-0.6414781780182107,1.2787467040220322,0,1
2.117107190754133,1.372089322158445,-0.7378063230712658,-0.5283622494715786,0.392600736557975,0.4697861937829405,-0.5544873301529852,0.4484130439426103,0.2732312961117544,0.41173269183271,-0.6414781780182107,1.2787467040220322,1,1
-0.4723426401682528,-0.7288155252362811,1.2447454597110414,1.892640893629536,0.392600736557975,-0.4329574132888071,-0.0284224572519108,-0.3131014216020364,0.2732312961117544,-2.428760260810931,1.5588994828934168,-0.7820157008848647,1,1
2.004197411357036,1.372089322158445,-0.7378063230712658,-0.5283622494715786,0.392600736557975,-0.490010505748755,-0.5544873301529852,-1.5935298278536405,0.2732312961117544,0.41173269183271,-0.6414781780182107,-0.7820157008848647,1,1
-0.4723426401682528,0.8239766442254642,-0.4791887640349404,-0.5283622494715786,-2.5471169737663755,0.4894450752759052,-0.284837166615424,-0.662888713513107,0.2732312961117544,0.41173269183271,-0.6414781780182107,-0.7820157008848647,1,1
-0.4723426401682528,-0.7288155252362811,0.5534895361807866,-0.5283622494715786,0.392600736557975,-0.2163116353515957,-0.5544873301529852,-0.8884777466759025,0.2732312961117544,0.41173269183271,-0.6414781780182107,-0.7820157008848647,0,1
-0.4723426401682528,-0.7288155252362811,-0.7378063230712658,-0.5283622494715786,0.392600736557975,-0.5870611416508507,0.033433219397792,-0.5444210256141742,0.2732312961117544,0.41173269183271,-0.6414781780182107,-0.7820157008848647,0,0
-0.4723426401682528,-0.7288155252362811,0.2534695683198878,-0.5283622494715786,-2.5471169737663755,0.753029468828819,-0.5544873301529852,0.1100392490188409,0.2732312961117544,0.41173269183271,1.5588994828934168,-0.7820157008848647,0,1
-0.4723426401682528,-0.7288155252362811,-0.7378063230712658,-0.5283622494715786,0.392600736557975,-0.0960768434103164,-0.2388092223953543,-0.3064354712021687,-2.522835634098532,0.41173269183271,-0.6414781780182107,-0.7820157008848647,0,0
-0.4723426401682528,0.7605390245436146,-0.7378063230712658,0.176365141931194,-2.5471169737663755,0.6180910919083257,-0.5544873301529852,-0.5562025579595244,0.2732312961117544,0.41173269183271,-0.6414781780182107,-0.7820157008848647,0,1
2.117107190754133,1.372089322158445,-0.7378063230712658,-0.5283622494715786,0.392600736557975,-0.2299220792002785,0.2235925129115978,-0.020852805907762,0.2732312961117544,0.41173269183271,-0.6414781780182107,1.2787467040220322,1,0
-0.4723426401682528,-0.4822456497347935,-0.7378063230712658,1.892640893629536,0.392600736557975,-0.3439145272714712,-0.3926832908553868,-0.8554281040860007,0.2732312961117544,0.41173269183271,1.5588994828934168,-0.7820157008848647,0,1
2.117107190754133,1.372089322158445,0.2534695683198878,-0.5283622494715786,0.392600736557975,-0.2869332689859662,-0.5544873301529852,-0.6039174142171756,0.2732312961117544,0.41173269183271,-0.6414781780182107,1.2787467040220322,1,0
2.117107190754133,1.372089322158445,-0.7378063230712658,-0.5283622494715786,0.392600736557975,-0.0660968211954289,-0.5544873301529852,-0.1636441385549653,0.2732312961117544,0.41173269183271,1.5588994828934168,-0.7820157008848647,0,0
-0.4723426401682528,-0.7288155252362811,2.236021351102195,1.892640893629536,0.392600736557975,-0.0774007639977635,-0.5544873301529852,-0.2112412494373664,0.2732312961117544,0.41173269183271,-0.6414781780182107,1.2787467040220322,0,1
-0.4723426401682528,-0.7288155252362811,2.236021351102195,-0.5283622494715786,0.392600736557975,-0.3233024762630428,-0.1269709328647527,-0.2112412494373664,0.2732312961117544,-2.428760260810931,-0.6414781780182107,1.2787467040220322,1,1
2.117107190754133,1.372089322158445,-0.7378063230712658,-0.5283622494715786,0.0594730641709491,-0.0738382655619861,-0.5544873301529852,-0.4682705461704314,0.2732312961117544,-2.428760260810931,-0.6414781780182107,1.2787467040220322,1,1
-0.4723426401682528,-0.7288155252362811,-0.7378063230712658,-0.5283622494715786,0.392600736557975,-0.3118347082027033,0.0156485372706015,-0.3778311375257703,0.2732312961117544,0.41173269183271,-0.6414781780182107,1.2787467040220322,0,0
-0.4723426401682528,1.372089322158445,-0.7378063230712658,-0.5283622494715786,0.392600736557975,-0.3663885191183182,-0.5544873301529852,-0.8538022463497813,0.2732312961117544,0.41173269183271,-0.6414781780182107,-0.7820157008848647,1,1
-0.4723426401682528,-0.7288155252362811,-0.7378063230712658,-0.5283622494715786,0.392600736557975,-0.3421850029849881,-0.1345552774426109,0.0560930396828875,0.2732312961117544,0.41173269183271,1.5588994828934168,-0.7820157008848647,1,1
-0.4723426401682528,1.372089322158445,-0.7378063230712658,-0.5283622494715786,0.392600736557975,-0.3938148652717579,-0.5544873301529852,-0.7190093025124253,0.2732312961117544,0.41173269183271,-0.6414781780182107,-0.7820157008848647,1,1
-0.4723426401682528,-0.7288155252362811,-0.7378063230712658,-0.5283622494715786,0.392600736557975,0.6028017072383719,-0.5544873301529852,0.9786865226226612,0.2732312961117544,0.41173269183271,-0.6414781780182107,1.2787467040220322,1,0
-0.4723426401682528,-0.7288155252362811,-0.7378063230712658,-0.5283622494715786,0.392600736557975,-0.4344303012249259,-0.150223042825478,0.2045803740979088,0.2732312961117544,0.41173269183271,1.5588994828934168,-0.7820157008848647,1,1
-0.4723426401682528,-0.7288155252362811,-0.7378063230712658,-0.5283622494715786,0.392600736557975,-0.4317547970622532,0.1124382496166574,0.1100392490188409,0.2732312961117544,0.41173269183271,1.5588994828934168,-0.7820157008848647,1,0
-0.4723426401682528,1.372089322158445,-0.7378063230712658,-0.5283622494715786,0.392600736557975,-0.3218605580846433,-0.5544873301529852,-0.8089859562056492,0.2732312961117544,0.41173269183271,-0.6414781780182107,-0.7820157008848647,1,1
-0.4723426401682528,-0.7288155252362811,1.2447454597110414,1.892640893629536,0.392600736557975,-0.1971570275993086,-0.0654085716552472,-0.1993419717167661,0.2732312961117544,0.41173269183271,1.5588994828934168,-0.7820157008848647,0,1
-0.4723426401682528,1.372089322158445,-0.7378063230712658,-0.5283622494715786,0.392600736557975,-0.3118347082027033,-0.5544873301529852,-0.7705073023055794,-0.6587910139583409,0.41173269183271,-0.6414781780182107,1.2787467040220322,0,0
-0.4723426401682528,-0.7288155252362811,0.2534695683198878,-0.5283622494715786,-2.5471169737663755,-0.7213978532148273,0.4790763119310456,-0.4254282484081714,0.2732312961117544,0.41173269183271,-0.6414781780182107,-0.7820157008848647,1,1
-0.4723426401682528,1.372089322158445,-0.7378063230712658,-0.5283622494715786,0.392600736557975,0.0674207640785234,0.6993327598139429,1.966326573432484,0.2732312961117544,0.41173269183271,1.5588994828934168,-0.7820157008848647,1,1
-0.4723426401682528,-0.7288155252362811,-0.7378063230712658,-0.5283622494715786,0.392600736557975,0.1195171961240656,0.7814159080932835,2.121017183800288,0.2732312961117544,0.41173269183271,-0.6414781780182107,-0.7820157008848647,1,0
-0.4723426401682528,-0.7288155252362811,-0.212728112312434,-0.5283622494715786,0.392600736557975,-0.4247612156120343,0.3886388003770438,-0.0539561435594954,0.2732312961117544,0.41173269183271,-0.6414781780182107,-0.7820157008848647,1,1
-0.4723426401682528,1.372089322158445,-0.7378063230712658,-0.5283622494715786,0.392600736557975,-0.4391650082341677,-0.5544873301529852,-0.7920181857461159,0.9299526315388668,-2.428760260810931,-0.6414781780182107,1.2787467040220322,1,1
-0.4723426401682528,1.372089322158445,-0.7378063230712658,-0.5283622494715786,0.392600736557975,-0.325268379359101,-0.5544873301529852,-0.2231405271579667,0.2732312961117544,0.41173269183271,-0.6414781780182107,1.2787467040220322,1,1
-0.4723426401682528,-0.7288155252362811,1.2447454597110414,1.892640893629536,-2.5471169737663755,0.160473510625278,-0.2124742123223992,0.4908161360780497,0.2732312961117544,0.41173269183271,1.5588994828934168,-0.7820157008848647,0,1
2.117107190754133,1.372089322158445,-0.7378063230712658,-0.5283622494715786,0.392600736557975,-0.0660968211954289,-0.5544873301529852,-0.5087231924523733,0.2732312961117544,-2.428760260810931,-0.6414781780182107,1.2787467040220322,1,1
-0.4723426401682528,-0.7288155252362811,1.2447454597110414,1.892640893629536,0.392600736557975,-0.243519575614681,-0.5544873301529852,-0.2588383603197676,0.2732312961117544,0.41173269183271,-0.6414781780182107,1.2787467040220322,0,0
-0.4723426401682528,1.372089322158445,-0.7378063230712658,-0.5283622494715786,0.392600736557975,-0.2708783937014909,-0.5544873301529852,-0.5444210256141742,0.2732312961117544,0.41173269183271,-0.6414781780182107,-0.7820157008848647,1,0
-0.4723426401682528,-0.7288155252362811,-0.7378063230712658,-0.5283622494715786,0.392600736557975,-0.3814604428547644,0.2718163625257105,-0.0803491945107634,0.2732312961117544,0.41173269183271,1.5588994828934168,-0.7820157008848647,0,0
-0.4723426401682528,1.372089322158445,-0.7378063230712658,-0.5283622494715786,0.392600736557975,-0.421106155291938,-0.5544873301529852,-0.8895000795115822,0.2732312961117544,0.41173269183271,-0.6414781780182107,-0.7820157008848647,1,0
-0.4723426401682528,1.372089322158445,-0.7378063230712658,-0.5283622494715786,0.392600736557975,-0.5187460090628284,-0.5544873301529852,-0.9846943012763844,2.137275916251945,-2.428760260810931,-0.6414781780182107,1.2787467040220322,1,1
-0.4723426401682528,-0.7288155252362811,0.8783159092720607,-0.5283622494715786,0.392600736557975,-0.4589313771616147,0.1608957594850591,-0.2772205649373477,0.2732312961117544,0.41173269183271,-0.6414781780182107,-0.7820157008848647,0,1
-0.4723426401682528,-0.7288155252362811,-0.7378063230712658,-0.5283622494715786,-2.5471169737663755,0.067912239852538,0.1842610043610804,0.4551183029162489,0.2732312961117544,0.41173269183271,-0.6414781780182107,1.2787467040220322,0,0
-0.4723426401682528,-0.7288155252362811,0.2534695683198878,-0.5283622494715786,0.392600736557975,-0.4347036517063405,0.0755008328909541,-0.36593185980517,0.2732312961117544,0.41173269183271,-0.6414781780182107,1.2787467040220322,0,0
-0.4723426401682528,1.372089322158445,0.2512297656226661,-0.5283622494715786,0.392600736557975,0.954911904200428,-0.5544873301529852,0.5960544604452145,0.2732312961117544,0.41173269183271,-0.6414781780182107,1.2787467040220322,1,1
-0.4723426401682528,-0.7288155252362811,-0.7378063230712658,1.892640893629536,0.392600736557975,0.1031346703235806,-0.5544873301529852,0.1695356376218423,0.2732312961117544,0.41173269183271,-0.6414781780182107,-0.7820157008848647,0,1
-0.4723426401682528,-0.7288155252362811,1.2447454597110414,-0.5283622494715786,-2.5471169737663755,0.0022183113925933,0.8805997122641535,1.4427583537260718,0.2732312961117544,0.41173269183271,-0.6414781780182107,-0.7820157008848647,0,0
2.117107190754133,-0.7288155252362811,0.2534695683198878,-0.5283622494715786,-2.5471169737663755,0.9987673558360934,-0.5544873301529852,1.6688446304174769,0.2732312961117544,-2.428760260810931,-0.6414781780182107,-0.7820157008848647,1,1
2.117107190754133,1.372089322158445,-0.7378063230712658,0.1894897402611044,0.392600736557975,-0.4764982197571081,-0.1062443898878196,-0.5815020718415387,0.2732312961117544,-2.428760260810931,-0.6414781780182107,-0.7820157008848647,1,1
-0.4723426401682528,-0.7288155252362811,0.0968708511831563,-0.5283622494715786,0.392600736557975,-0.4076788226592314,0.1141190600867538,-0.047809155671291,0.2732312961117544,-2.428760260810931,1.5588994828934168,-0.7820157008848647,1,1
-0.4723426401682528,-0.7288155252362811,-0.7378063230712658,1.892640893629536,0.392600736557975,-0.3272342824551592,0.956184611304713,-0.2707376380403678,0.2732312961117544,0.41173269183271,-0.6414781780182107,1.2787467040220322,0,0
2.117107190754133,-0.7288155252362811,0.2534695683198878,-0.5283622494715786,0.392600736557975,-0.3403403030955471,-0.2422293535736602,-0.4849246370111728,-4.014071330210684,0.41173269183271,-0.6414781780182107,1.2787467040220322,0,0
2.117107190754133,1.372089322158445,-0.7378063230712658,-0.5283622494715786,-2.5471169737663755,-0.1344119537834512,-0.5544873301529852,-0.1517448608343651,0.2732312961117544,-2.428760260810931,-0.6414781780182107,1.2787467040220322,1,1
-0.4723426401682528,-0.7288155252362811,-0.7378063230712658,-0.5283622494715786,0.392600736557975,-0.5613405761440893,-0.213500251675891,-1.139384911644188,0.2732312961117544,0.41173269183271,-0.6414781780182107,1.2787467040220322,0,0
-0.4723426401682528,-0.7288155252362811,-0.7378063230712658,-0.5283622494715786,0.392600736557975,-0.4864191457498358,-0.0366088181221367,-0.7695944799611829,0.2732312961117544,0.41173269183271,1.5588994828934168,-0.7820157008848647,0,1
-0.4723426401682528,1.372089322158445,-0.7378063230712658,-0.5283622494715786,0.392600736557975,-0.2708783937014909,1.070074979542298,0.3599240811514467,0.2732312961117544,0.41173269183271,-0.6414781780182107,-0.7820157008848647,0,1
-0.4723426401682528,1.372089322158445,-0.7378063230712658,1.892640893629536,0.392600736557975,-0.4674687033073104,0.1439034564570713,-0.235039804878567,0.2732312961117544,0.41173269183271,1.5588994828934168,-0.7820157008848647,1,0
-0.4723426401682528,-0.2778366586229692,-0.7378063230712658,-0.5283622494715786,0.392600736557975,-0.3830112020801473,0.0391116081159617,-0.2386530056430479,0.2732312961117544,-2.428760260810931,-0.6414781780182107,1.2787467040220322,1,1
-0.4723426401682528,1.372089322158445,-0.7378063230712658,-0.5283622494715786,0.392600736557975,0.1587556599249972,-0.5544873301529852,-0.3964902542012197,0.2732312961117544,-2.428760260810931,1.5588994828934168,-0.7820157008848647,1,1
-0.4723426401682528,-0.7288155252362811,1.2447454597110414,1.892640893629536,0.392600736557975,0.3708251419035049,-0.5544873301529852,0.4670175806368492,0.2732312961117544,0.41173269183271,1.5588994828934168,-0.7820157008848647,0,0
2.117107190754133,1.372089322158445,-0.7378063230712658,-0.5283622494715786,-2.5471169737663755,-0.1384709140310568,-0.2047927530618131,-0.0990516215724265,-0.2817804148757896,0.41173269183271,0.2485924685586572,0.4451515631693229,0,1
-0.4723426401682528,-0.7288155252362811,-0.7378063230712658,-0.5283622494715786,0.392600736557975,-0.2777590545376946,0.3241443695537901,0.3242262479896459,0.2732312961117544,0.41173269183271,-0.6414781780182107,-0.7820157008848647,0,1
-0.4723426401682528,1.372089322158445,1.2447454597110414,-0.5283622494715786,0.392600736557975,-0.3041349210764754,-0.5544873301529852,-0.7824065800261797,0.2732312961117544,-2.428760260810931,1.5588994828934168,-0.7820157008848647,1,1
-0.4723426401682528,-0.7288155252362811,0.2534695683198878,-0.5283622494715786,0.392600736557975,-0.2318879822963367,-0.5544873301529852,-1.139384911644188,-1.5908133240284363,0.41173269183271,-0.6414781780182107,-0.7820157008848647,0,0
-0.4723426401682528,-0.7288155252362811,1.2447454597110414,-0.5283622494715786,0.392600736557975,-0.3609822856041582,-0.315078147671575,-0.9013993572321825,0.2732312961117544,0.41173269183271,-0.6414781780182107,-0.7820157008848647,1,0
-0.4723426401682528,-0.7288155252362811,1.1268297516908343,1.892640893629536,0.392600736557975,-0.505340646290999,-0.5435841126228268,-0.4229937343527564,0.2732312961117544,0.41173269183271,1.5588994828934168,-0.7820157008848647,1,1
-0.4723426401682528,-0.7288155252362811,-0.7378063230712658,1.892640893629536,0.392600736557975,-0.6119625808675878,0.7759436982079941,0.6574060241664537,0.2732312961117544,-2.428760260810931,-0.6414781780182107,1.2787467040220322,1,1
-0.4723426401682528,1.372089322158445,-0.7378063230712658,-0.5283622494715786,0.392600736557975,0.0461781179213247,-0.5544873301529852,-0.3703453612110423,0.2732312961117544,0.41173269183271,-0.6414781780182107,-0.7820157008848647,0,1
-0.4723426401682528,-0.7288155252362811,-0.7378063230712658,-0.5283622494715786,0.392600736557975,0.0269559253513256,0.1781047682401299,0.3480248034308464,0.2732312961117544,0.41173269183271,1.5588994828934168,-0.7820157008848647,1,1
-0.4723426401682528,-0.7288155252362811,0.5071939255390634,-0.5283622494715786,0.392600736557975,-0.4054535662931142,0.0830308765724413,0.0151285802357758,0.2732312961117544,-2.428760260810931,1.5588994828934168,-0.7820157008848647,1,1
-0.4723426401682528,-0.7288155252362811,-0.7378063230712658,-0.5283622494715786,0.392600736557975,-0.2764484524736558,-0.5544873301529852,-1.2345791334089902,-2.522835634098532,0.41173269183271,1.5588994828934168,-0.7820157008848647,0,0
2.117107190754133,1.372089322158445,1.2447454597110414,-0.5283622494715786,0.392600736557975,-0.2708783937014909,0.1579259942881253,-0.3064354712021687,0.2732312961117544,0.41173269183271,-0.6414781780182107,1.2787467040220322,1,0
1.2678353222473255,-0.7288155252362811,-0.7378063230712658,1.892640893629536,0.392600736557975,-0.4834620089884519,0.3914188821468501,0.169076771025492,0.2732312961117544,-2.428760260810931,-0.6414781780182107,1.2787467040220322,1,1
-0.4723426401682528,-0.7288155252362811,-0.7378063230712658,-0.5283622494715786,0.392600736557975,-0.1070531356966413,0.2434292737457718,-0.1874426939961659,0.2732312961117544,0.41173269183271,-0.6414781780182107,-0.7820157008848647,0,0
-0.4723426401682528,-0.7288155252362811,0.3232713811960855,-0.5283622494715786,0.392600736557975,-0.5445160088276568,0.4140629956167707,-0.3771618987915378,0.2732312961117544,0.41173269183271,-0.6414781780182107,-0.7820157008848647,0,1
-0.4723426401682528,-0.7288155252362811,-0.7378063230712658,1.892640893629536,0.392600736557975,-0.4320828405571629,0.5041341476327187,-0.2952254070906281,0.2732312961117544,-2.428760260810931,-0.6414781780182107,-0.7820157008848647,1,1
-0.4723426401682528,-0.7288155252362811,0.2534695683198878,-0.5283622494715786,-2.5471169737663755,-0.4928616182980621,-0.5544873301529852,-0.2112412494373664,0.2732312961117544,0.41173269183271,-0.6414781780182107,1.2787467040220322,0,0
-0.4723426401682528,1.372089322158445,-0.7378063230712658,-0.5283622494715786,0.392600736557975,-0.3694535719138676,-0.5544873301529852,-0.8606173564885338,0.6290979766529732,0.41173269183271,-0.6414781780182107,-0.7820157008848647,1,1
2.117107190754133,1.372089322158445,-0.7378063230712658,-0.5283622494715786,0.392600736557975,-0.3665523443763231,0.4664218265713139,-0.1636441385549653,0.2732312961117544,0.41173269183271,1.5588994828934168,-0.7820157008848647,1,0
-0.4723426401682528,-0.7288155252362811,2.236021351102195,-0.5283622494715786,0.392600736557975,-0.1838871817009158,-0.5544873301529852,-0.5444210256141742,0.2732312961117544,0.41173269183271,-0.6414781780182107,-0.7820157008848647,1,0
2.117107190754133,-0.7288155252362811,-0.7378063230712658,-0.5283622494715786,0.392600736557975,-0.3665523443763231,-0.5544873301529852,-1.3059747997325917,0.2732312961117544,0.41173269183271,-0.6414781780182107,1.2787467040220322,0,0
-0.4723426401682528,-0.7288155252362811,-0.7378063230712658,1.892640893629536,0.392600736557975,0.1134556615778862,-0.5544873301529852,0.8596937454166583,0.2732312961117544,-2.428760260810931,1.5588994828934168,-0.7820157008848647,1,1
-0.4723426401682528,-0.7288155252362811,1.2447454597110414,-0.5283622494715786,0.392600736557975,-0.0753268553928145,-0.5544873301529852,-0.8161461886128937,0.2732312961117544,-2.428760260810931,-0.6414781780182107,1.2787467040220322,1,1
-0.4723426401682528,-0.7288155252362811,0.2534695683198878,-0.5283622494715786,0.392600736557975,-0.2307501135787428,0.5296993759743285,0.1342150152691781,0.2732312961117544,0.41173269183271,-0.6414781780182107,1.2787467040220322,1,1
-0.4723426401682528,0.8919274734923278,-0.7378063230712658,-0.5283622494715786,0.392600736557975,-0.4869200827180652,-0.3817380269203195,-0.7861649479600663,1.7112484776877652,-2.428760260810931,-0.6414781780182107,1.2787467040220322,1,1
-0.4723426401682528,1.372089322158445,-0.7378063230712658,-0.5283622494715786,0.392600736557975,-0.2856226669219274,1.1774670985411022,0.4908161360780497,0.2732312961117544,0.41173269183271,-0.6414781780182107,1.2787467040220322,0,0
-0.4723426401682528,1.372089322158445,-0.7378063230712658,-0.5283622494715786,0.392600736557975,-0.4714005094994268,0.0553220589389495,-0.0089535281871617,0.2732312961117544,0.41173269183271,1.5588994828934168,-0.7820157008848647,0,0
-0.4723426401682528,-0.7288155252362811,2.236021351102195,1.892640893629536,-2.5471169737663755,0.0490723351819803,-0.5544873301529852,-0.1874426939961659,0.2732312961117544,0.41173269183271,1.5588994828934168,-0.7820157008848647,1,0
-0.4723426401682528,1.372089322158445,-0.7378063230712658,-0.5283622494715786,0.392600736557975,0.4799327637347347,0.7280618617117122,0.4908161360780497,0.2732312961117544,0.41173269183271,1.5588994828934168,-0.7820157008848647,1,0
-0.4723426401682528,-0.7288155252362811,0.2534695683198878,-0.5283622494715786,0.392600736557975,-0.3421423809336005,-0.5544873301529852,-0.5920181364965753,0.2732312961117544,0.41173269183271,-0.6414781780182107,1.2787467040220322,0,0
-0.4723426401682528,-0.7288155252362811,2.236021351102195,-0.5283622494715786,0.392600736557975,-0.3878496279169535,0.301913516894802,0.1457370821806418,0.2732312961117544,-2.428760260810931,-0.6414781780182107,1.2787467040220322,1,1
-0.4723426401682528,1.372089322158445,-0.7378063230712658,1.892640893629536,0.392600736557975,0.2800834959442945,-0.5544873301529852,-0.2759830399594202,0.2732312961117544,0.41173269183271,1.5588994828934168,-0.7820157008848647,1,1
-0.4723426401682528,-0.7288155252362811,2.236021351102195,-0.5283622494715786,0.392600736557975,5.667623383716302,-0.5544873301529852,5.405217834685963,-2.522835634098532,-2.428760260810931,-0.6414781780182107,1.2787467040220322,0,0
-0.4723426401682528,1.372089322158445,-0.7378063230712658,-0.5283622494715786,0.392600736557975,-0.0796943176098314,-0.5544873301529852,-0.1874426939961659,0.2732312961117544,-2.428760260810931,1.5588994828934168,-0.7820157008848647,1,0
-0.4723426401682528,1.372089322158445,-0.7378063230712658,-0.5283622494715786,0.392600736557975,-0.0918173867021903,0.7472145963102249,0.0624421381364398,0.2732312961117544,0.41173269183271,-0.6414781780182107,1.2787467040220322,0,0
-0.4723426401682528,1.372089322158445,-0.7378063230712658,-0.5283622494715786,0.392600736557975,1.2241909108507665,-0.5544873301529852,3.0848586791689097,0.2732312961117544,0.41173269183271,-0.6414781780182107,1.2787467040220322,1,0
-0.4723426401682528,-0.7288155252362811,-0.7378063230712658,-0.5283622494715786,0.392600736557975,-0.3054455231405142,-0.0838772800180989,-1.0798885230411863,0.2732312961117544,0.41173269183271,1.5588994828934168,-0.7820157008848647,0,1
2.117107190754133,-0.7288155252362811,-0.7378063230712658,-0.5283622494715786,0.392600736557975,-0.1753682682846636,0.283786821649781,-0.4254282484081714,0.2732312961117544,0.41173269183271,-0.6414781780182107,-0.7820157008848647,0,1
-0.4723426401682528,-0.7288155252362811,-0.7378063230712658,-0.5283622494715786,0.392600736557975,-0.3912899583350553,0.1938373716603369,0.0862406935776404,0.2732312961117544,0.41173269183271,1.5588994828934168,-0.7820157008848647,1,0
-0.4723426401682528,-0.7288155252362811,-0.7378063230712658,-0.5283622494715786,-2.5471169737663755,-0.3937473372051281,-0.5544873301529852,-0.9489964681145836,0.2732312961117544,0.41173269183271,-0.6414781780182107,-0.7820157008848647,1,0
-0.4723426401682528,1.372089322158445,-0.7378063230712658,-0.5283622494715786,0.392600736557975,0.5482478963227571,0.8706813318470665,1.930628740270683,0.2732312961117544,0.41173269183271,1.5588994828934168,-0.7820157008848647,1,1
-0.4723426401682528,-0.7288155252362811,0.2534695683198878,-0.5283622494715786,-2.5471169737663755,-0.3174047669748682,-0.1406514575779762,-0.1874426939961659,0.2732312961117544,0.41173269183271,1.5588994828934168,-0.7820157008848647,0,0
-0.2911247449017482,-0.7288155252362811,-0.7378063230712658,1.892640893629536,0.392600736557975,-0.4644481599590612,0.1308377608734369,-0.3024021367467112,0.2732312961117544,-2.428760260810931,-0.6414781780182107,1.2787467040220322,1,1
2.117107190754133,-0.7288155252362811,-0.7378063230712658,-0.5283622494715786,0.392600736557975,-0.3255960298751107,0.4086216096579449,-0.3897304152463706,0.2732312961117544,0.41173269183271,-0.6414781780182107,1.2787467040220322,0,0
-0.0708701519466622,1.046361638027212,-0.5841173062467456,-0.5283622494715786,-2.5471169737663755,0.8487140865811488,-0.5544873301529852,0.6734595783917847,0.2732312961117544,-2.428760260810931,-0.6414781780182107,-0.7820157008848647,1,1
2.117107190754133,-0.7288155252362811,1.2447454597110414,1.892640893629536,0.392600736557975,-0.8508198070386584,0.4431649345588341,-0.5682195810553747,0.2732312961117544,0.41173269183271,-0.6414781780182107,1.2787467040220322,0,0
2.117107190754133,1.372089322158445,-0.7378063230712658,-0.5283622494715786,0.392600736557975,-0.2632404805659866,-0.2122742844955755,-0.2819969090709784,1.1361303072641835,-2.428760260810931,-0.6414781780182107,-0.7820157008848647,1,1
-0.4723426401682528,-0.7288155252362811,-0.7378063230712658,1.892640893629536,0.392600736557975,-0.4073448336195306,-0.3711682989957912,-0.9489964681145836,0.2732312961117544,0.41173269183271,1.5588994828934168,-0.7820157008848647,0,1
-0.4723426401682528,-0.7288155252362811,1.2447454597110414,-0.5283622494715786,0.392600736557975,-0.113933796532845,-0.0801151357219624,0.0505428604158395,0.2732312961117544,0.41173269183271,-0.6414781780182107,1.2787467040220322,0,0
-0.4723426401682528,-0.7288155252362811,2.236021351102195,-0.5283622494715786,0.392600736557975,-0.4484649733787479,0.1579259942881253,-0.6039174142171756,0.2732312961117544,0.41173269183271,1.5588994828934168,-0.7820157008848647,0,0
-0.4723426401682528,1.372089322158445,-0.2404623373504328,-0.5283622494715786,0.392600736557975,-0.1105929165039431,-0.5544873301529852,-0.3901809600172707,0.2732312961117544,-2.428760260810931,1.5588994828934168,-0.7820157008848647,1,1
-0.4723426401682528,-0.7288155252362811,-0.7378063230712658,-0.5283622494715786,0.392600736557975,2.5277484887953547,1.7257141264235314,3.97730450821393,0.2732312961117544,0.41173269183271,-0.6414781780182107,-0.7820157008848647,1,0
-0.4723426401682528,1.372089322158445,-0.7378063230712658,-0.5283622494715786,0.392600736557975,0.1432261493033429,-0.3729990662437042,-0.2001156276475606,0.2732312961117544,-2.428760260810931,1.5588994828934168,-0.7820157008848647,1,1
-0.4723426401682528,-0.7288155252362811,0.0800409670095893,1.892640893629536,0.392600736557975,-0.3730453605503881,0.005068149274889,-0.0268131714681247,-2.0336499481682333,0.41173269183271,-0.6414781780182107,-0.7820157008848647,1,1
-0.4723426401682528,-0.7288155252362811,2.236021351102195,1.892640893629536,-2.5471169737663755,-0.3391935262895132,0.186313083068064,-0.1874426939961659,0.2732312961117544,0.41173269183271,-0.6414781780182107,1.2787467040220322,0,0
2.117107190754133,1.372089322158445,-0.7378063230712658,-0.5283622494715786,0.392600736557975,0.753029468828819,0.015306524152771,0.9429886894608602,0.2732312961117544,0.41173269183271,1.5588994828934168,-0.7820157008848647,1,1
-0.4723426401682528,1.372089322158445,-0.7378063230712658,1.892640893629536,0.392600736557975,-0.2701065362027985,-0.5544873301529852,-0.7271721343745057,-0.3895759339163951,0.41173269183271,1.5588994828934168,-0.7820157008848647,1,1
-0.4723426401682528,1.372089322158445,-0.7378063230712658,-0.5283622494715786,0.392600736557975,1.927583439270744,-0.1742793889912605,3.4312902709493827,0.2732312961117544,0.41173269183271,1.5588994828934168,-0.7820157008848647,1,1
-0.4723426401682528,-0.7288155252362811,-0.7378063230712658,-0.5283622494715786,0.392600736557975,-0.3391935262895132,0.3005454644234797,-0.2112412494373664,0.2732312961117544,0.41173269183271,-0.6414781780182107,1.2787467040220322,0,0
-0.4723426401682528,-0.7288155252362811,1.2447454597110414,-0.5283622494715786,0.392600736557975,-0.4620624697931504,0.2424032343922801,-0.2469390825991673,0.2732312961117544,0.41173269183271,1.5588994828934168,-0.7820157008848647,0,0
-0.4723426401682528,1.372089322158445,-0.7378063230712658,-0.5283622494715786,0.392600736557975,-0.4791002966256548,-0.5544873301529852,-1.0322914121587854,0.2732312961117544,0.41173269183271,-0.6414781780182107,-0.7820157008848647,1,0
0.2133019350947029,-0.7288155252362811,-0.7378063230712658,1.892640893629536,0.392600736557975,-0.4217491841251071,0.191270370538274,-0.097447106720288,0.2732312961117544,-2.428760260810931,-0.6414781780182107,1.2787467040220322,1,1
-0.4723426401682528,-0.7288155252362811,0.2207071736027658,1.892640893629536,0.392600736557975,-0.4746173135604193,0.1442636584071915,-0.0731692749859991,-2.522835634098532,0.41173269183271,-0.6414781780182107,-0.7820157008848647,1,1
-0.4723426401682528,-0.7288155252362811,-0.7378063230712658,-0.5283622494715786,-2.5471169737663755,-0.3185515437809021,-0.5544873301529852,-1.4368668546591947,-3.454857944168628,0.41173269183271,-0.6414781780182107,1.2787467040220322,0,0
-0.4723426401682528,-0.7288155252362811,-0.7378063230712658,-0.5283622494715786,0.392600736557975,0.1396677028586621,-0.5544873301529852,0.1695356376218423,0.2732312961117544,0.41173269183271,-0.6414781780182107,-0.7820157008848647,0,0
-0.4723426401682528,-0.7288155252362811,2.236021351102195,1.892640893629536,0.392600736557975,-0.346928633815094,-0.4079594693334427,-0.4749722848851735,-1.768007494680065,0.41173269183271,1.5588994828934168,-0.7820157008848647,1,1
-0.4723426401682528,1.372089322158445,-0.7378063230712658,1.892640893629536,0.392600736557975,0.2260036138272179,-0.5544873301529852,-0.1874426939961659,0.2732312961117544,0.41173269183271,-0.6414781780182107,1.2787467040220322,0,0
-0.4723426401682528,-0.7288155252362811,1.2447454597110414,-0.5283622494715786,0.392600736557975,-0.4415843125425442,-0.1553580216446914,-0.580118858775975,0.2732312961117544,0.41173269183271,-0.6414781780182107,1.2787467040220322,0,0
-0.4723426401682528,-0.7288155252362811,0.2534695683198878,-0.5283622494715786,-2.5471169737663755,-0.3200259711029458,0.156557941816803,0.1933341930630429,0.2732312961117544,0.41173269183271,-0.6414781780182107,1.2787467040220322,0,0
-0.4723426401682528,-0.4176989762613801,-0.7378063230712658,-0.5283622494715786,0.392600736557975,-0.2588980586694075,0.0739879351590833,-0.309524111391236,0.2732312961117544,-2.428760260810931,1.5588994828934168,-0.7820157008848647,1,1
2.117107190754133,1.372089322158445,-0.7378063230712658,1.892640893629536,0.392600736557975,-0.3282172340031883,-0.5544873301529852,-0.6039174142171756,0.2732312961117544,0.41173269183271,1.5588994828934168,-0.7820157008848647,0,1
-0.4723426401682528,-0.7288155252362811,0.2534695683198878,-0.5283622494715786,0.392600736557975,-0.5552790415979099,0.4459010395014787,-0.3897304152463706,0.2732312961117544,0.41173269183271,-0.6414781780182107,-0.7820157008848647,0,1
2.117107190754133,-0.0105588762060997,-0.7378063230712658,-0.5283622494715786,0.392600736557975,-0.4656273923254242,0.4376433946126783,-0.3715254088227242,0.2732312961117544,-2.428760260810931,-0.6414781780182107,-0.7820157008848647,1,1
-0.4723426401682528,1.372089322158445,-0.7378063230712658,-0.5283622494715786,0.392600736557975,-0.584439937522773,11.018210537880554,-0.6634138028201769,0.2732312961117544,0.41173269183271,-0.6414781780182107,-0.7820157008848647,1,1
-0.4723426401682528,-0.7288155252362811,-0.7378063230712658,1.892640893629536,0.392600736557975,-0.5091413600716225,0.2932052209236305,0.165845974218195,0.2732312961117544,-2.428760260810931,-0.6414781780182107,-0.7820157008848647,1,1
2.117107190754133,1.372089322158445,-0.7378063230712658,-0.5283622494715786,0.392600736557975,-0.2689124906054327,0.015306524152771,-0.1279463053931645,0.2732312961117544,0.41173269183271,1.5588994828934168,-0.7820157008848647,1,0
-0.4723426401682528,-0.7288155252362811,1.2447454597110414,-0.5283622494715786,0.392600736557975,-0.2762846272156509,-0.5544873301529852,-0.3064354712021687,0.2732312961117544,0.41173269183271,-0.6414781780182107,1.2787467040220322,0,0
-0.4723426401682528,-0.7288155252362811,-0.7378063230712658,-0.5283622494715786,0.392600736557975,0.8894959087468587,-0.5544873301529852,1.0500821889462626,0.2732312961117544,0.41173269183271,-0.6414781780182107,1.2787467040220322,1,0
-0.4723426401682528,-0.7288155252362811,-0.7378063230712658,-0.5283622494715786,0.392600736557975,-0.4756599662075529,0.743794465131919,-0.3064354712021687,0.2732312961117544,0.41173269183271,-0.6414781780182107,-0.7820157008848647,0,0
-0.4723426401682528,1.372089322158445,-0.7378063230712658,-0.5283622494715786,-2.5471169737663755,0.9168547268336686,-0.5544873301529852,-0.7467087468643788,0.2732312961117544,0.41173269183271,-0.6414781780182107,-0.7820157008848647,1,1
-0.4723426401682528,1.372089322158445,-0.7378063230712658,-0.5283622494715786,0.392600736557975,-0.2830014627938498,0.916511089636365,0.3123269702690456,0.2732312961117544,0.41173269183271,1.5588994828934168,-0.7820157008848647,0,0
2.117107190754133,1.372089322158445,-0.7378063230712658,-0.5283622494715786,-2.5471169737663755,0.3338006335944089,-0.5544873301529852,0.5741110801222516,0.2732312961117544,0.41173269183271,1.5588994828934168,-0.7820157008848647,0,1
2.117107190754133,1.372089322158445,-0.7378063230712658,-0.5283622494715786,0.392600736557975,0.753029468828819,-0.5544873301529852,0.8120966345342572,0.2732312961117544,0.41173269183271,-0.6414781780182107,1.2787467040220322,1,1
-0.4723426401682528,-0.7288155252362811,1.2447454597110414,-0.5283622494715786,0.392600736557975,-0.0660968211954289,0.6996747729317736,1.0738807443874632,0.2732312961117544,0.41173269183271,-0.6414781780182107,1.2787467040220322,0,0
2.117107190754133,1.372089322158445,-0.7378063230712658,-0.5283622494715786,0.392600736557975,-0.7795558198065489,0.7051469828170629,-0.3897304152463706,2.137275916251945,0.41173269183271,1.5588994828934168,-0.7820157008848647,0,0
-0.4723426401682528,-0.7288155252362811,-0.7378063230712658,-0.5283622494715786,0.392600736557975,-0.2484343333548265,0.3583456813368487,0.1933341930630429,0.2732312961117544,0.41173269183271,-0.6414781780182107,1.2787467040220322,0,0
-0.4723426401682528,1.372089322158445,-0.7378063230712658,1.892640893629536,0.392600736557975,-0.2459769544847538,0.015306524152771,-0.4373275261287717,0.2732312961117544,0.41173269183271,1.5588994828934168,-0.7820157008848647,1,0
-0.4723426401682528,-0.7288155252362811,-0.7378063230712658,-0.5283622494715786,0.392600736557975,-0.4484649733787479,0.9161690765185344,-0.2945361934815684,0.2732312961117544,0.41173269183271,1.5588994828934168,-0.7820157008848647,0,0
-0.4723426401682528,-0.7288155252362811,-0.1347394608749825,-0.5283622494715786,0.392600736557975,-0.3349578765868555,0.3112270569524513,-0.0914278309347117,0.2732312961117544,-2.428760260810931,-0.6414781780182107,-0.7820157008848647,1,1
-0.4723426401682528,-0.7288155252362811,1.2447454597110414,-0.5283622494715786,-2.5471169737663755,-0.6231026984119176,6.285775026458735,1.109578577549264,0.2732312961117544,0.41173269183271,-0.6414781780182107,-0.7820157008848647,0,1
-0.4723426401682528,-0.7288155252362811,2.236021351102195,-0.5283622494715786,0.392600736557975,-0.0370704097486185,2.899256476230595,3.607934403287556,0.2732312961117544,-2.428760260810931,-0.6414781780182107,1.2787467040220322,1,1
-0.4723426401682528,-0.7288155252362811,-0.7378063230712658,-0.5283622494715786,0.392600736557975,-0.4006279980413318,0.4373507115557141,-0.1755434162755656,0.2732312961117544,0.41173269183271,-0.6414781780182107,1.2787467040220322,0,0
-0.4723426401682528,-0.7288155252362811,0.7067454990006565,-0.5283622494715786,-2.5471169737663755,0.5008021686051987,-0.5544873301529852,-0.036871130031076,0.2732312961117544,-0.8871257772205414,1.5588994828934168,-0.7820157008848647,1,1
-0.4723426401682528,1.372089322158445,-0.7378063230712658,-0.5283622494715786,0.392600736557975,-0.5713339168823851,1.1771250854232715,-0.9370971903939832,0.2732312961117544,0.41173269183271,1.5588994828934168,-0.7820157008848647,0,1
2.117107190754133,-0.7288155252362811,-0.7378063230712658,1.892640893629536,-2.5471169737663755,0.2848168814509589,-0.5544873301529852,-0.0922484722313637,0.2732312961117544,0.41173269183271,1.5588994828934168,-0.7820157008848647,0,0
-0.4723426401682528,-0.7288155252362811,1.2447454597110414,-0.5283622494715786,0.392600736557975,-0.4024300758793852,-0.0062403022705559,-0.2112412494373664,0.2732312961117544,0.41173269183271,-0.6414781780182107,-0.7820157008848647,0,1
-0.4723426401682528,-0.7288155252362811,1.2447454597110414,-0.5283622494715786,0.392600736557975,-0.1643919759983386,-0.5544873301529852,-0.2231405271579667,0.2732312961117544,-2.428760260810931,-0.6414781780182107,1.2787467040220322,1,1
-0.4723426401682528,1.372089322158445,-0.7378063230712658,-0.5283622494715786,0.392600736557975,-0.3970238423652251,0.1579259942881253,-0.3064354712021687,0.2732312961117544,0.41173269183271,1.5588994828934168,-0.7820157008848647,0,0
2.117107190754133,1.372089322158445,-0.7378063230712658,-0.5283622494715786,0.392600736557975,-0.1807745017988236,-0.5544873301529852,-0.1160470276725642,0.2732312961117544,-2.428760260810931,-0.6414781780182107,1.2787467040220322,1,1
-0.4723426401682528,-0.7288155252362811,-0.7378063230712658,-0.5283622494715786,0.392600736557975,-0.3937473372051281,0.6138294803562965,-1.0679892453205864,-2.522835634098532,0.41173269183271,-0.6414781780182107,1.2787467040220322,0,0
-0.4723426401682528,1.372089322158445,-0.7378063230712658,-0.5283622494715786,0.392600736557975,-0.5552790415979099,0.1052559741422151,-0.8538022463497813,0.2732312961117544,0.41173269183271,-0.6414781780182107,-0.7820157008848647,0,0
-0.4723426401682528,-0.7288155252362811,-0.7378063230712658,1.892640893629536,-2.5471169737663755,-0.116063524886908,-0.5544873301529852,-0.5920181364965753,0.2732312961117544,0.41173269183271,-0.6414781780182107,-0.7820157008848647,1,0
-0.4723426401682528,1.372089322158445,-0.7378063230712658,-0.5283622494715786,0.392600736557975,-0.2027270863714735,-0.5544873301529852,-0.5682195810553747,0.2732312961117544,-2.428760260810931,-0.6414781780182107,1.2787467040220322,1,1
-0.4723426401682528,-0.7288155252362811,-0.7378063230712658,-0.5283622494715786,0.392600736557975,-0.3596716835401194,0.4941248891155914,0.3123269702690456,0.2732312961117544,0.41173269183271,-0.6414781780182107,-0.7820157008848647,0,0
2.117107190754133,1.372089322158445,-0.7378063230712658,-0.5283622494715786,0.392600736557975,-0.2605574024471854,-0.5544873301529852,-0.3540325820845698,-2.522835634098532,0.41173269183271,-0.6414781780182107,-0.7820157008848647,0,0
-0.4723426401682528,1.372089322158445,-0.7378063230712658,-0.5283622494715786,0.392600736557975,0.0880627465871345,0.8929121845060546,1.7878374076234798,0.2732312961117544,0.41173269183271,-0.6414781780182107,1.2787467040220322,1,0
-0.4723426401682528,-0.7288155252362811,0.2534695683198878,-0.5283622494715786,-2.5471169737663755,0.7256706507420091,0.0724227148304788,0.4313197474750483,-2.522835634098532,0.41173269183271,-0.6414781780182107,-0.7820157008848647,0,0
-0.4723426401682528,-0.7288155252362811,0.2534695683198878,-0.5283622494715786,0.392600736557975,0.241075537563664,-0.5544873301529852,0.6455067464458534,0.2732312961117544,0.41173269183271,-0.6414781780182107,1.2787467040220322,0,0
-0.4723426401682528,-0.7288155252362811,2.236021351102195,-0.5283622494715786,0.392600736557975,-0.2299220792002785,2.096114333034056,1.716441741299878,0.2732312961117544,0.41173269183271,-0.6414781780182107,1.2787467040220322,0,1
2.117107190754133,-0.7288155252362811,1.2447454597110414,-0.5283622494715786,0.392600736557975,-0.6594719056889942,0.088839344486347,0.2528305816660443,0.2732312961117544,0.41173269183271,-0.6414781780182107,-0.7820157008848647,1,1
-0.4723426401682528,-0.7288155252362811,-0.7378063230712658,-0.5283622494715786,0.392600736557975,-0.2779228797956994,0.52832620089865,0.4313197474750483,0.2732312961117544,0.41173269183271,1.5588994828934168,-0.7820157008848647,0,0
-0.4723426401682528,-0.7288155252362811,-0.7378063230712658,-0.5283622494715786,0.392600736557975,0.6421197691595358,-0.5544873301529852,-0.841902968629181,-2.522835634098532,0.41173269183271,-0.6414781780182107,-0.7820157008848647,0,0
-0.4723426401682528,1.372089322158445,-0.7378063230712658,1.892640893629536,0.392600736557975,-0.6489870891766838,-0.5544873301529852,-1.317874077453192,0.2732312961117544,0.41173269183271,-0.6414781780182107,-0.7820157008848647,1,1
-0.4723426401682528,-0.7288155252362811,1.4348354970884938,-0.5283622494715786,0.392600736557975,-0.153742402367635,1.805404580639726,1.6138557515007206,0.2732312961117544,0.41173269183271,-0.6414781780182107,1.2787467040220322,0,1
-0.4723426401682528,1.372089322158445,-0.7378063230712658,-0.5283622494715786,0.392600736557975,-0.2531852658369671,-0.5544873301529852,-0.8300036909085807,0.2732312961117544,0.41173269183271,-0.6414781780182107,1.2787467040220322,0,0
-0.4723426401682528,1.372089322158445,-0.7378063230712658,1.892640893629536,0.392600736557975,-0.2572808972870884,-0.5544873301529852,-0.4254282484081714,0.2732312961117544,0.41173269183271,1.5588994828934168,-0.7820157008848647,1,0
-0.4723426401682528,-0.7288155252362811,0.5182021175022271,1.892640893629536,0.392600736557975,-0.4311240575438107,0.2330779919767176,-0.1291998088197455,0.2732312961117544,-2.428760260810931,1.5588994828934168,-0.7820157008848647,1,1
-0.4723426401682528,-0.7288155252362811,1.2447454597110414,1.892640893629536,0.392600736557975,-0.5644532560461814,-0.056516230591652,-1.0203921344381852,-0.6587910139583409,0.41173269183271,-0.6414781780182107,-0.7820157008848647,0,0
2.117107190754133,-0.7288155252362811,-0.7378063230712658,-0.5283622494715786,0.392600736557975,-0.1344119537834512,-0.5544873301529852,-0.7348094691437785,0.2732312961117544,0.41173269183271,1.5588994828934168,-0.7820157008848647,1,1
-0.4723426401682528,-0.7288155252362811,1.2447454597110414,-0.5283622494715786,0.392600736557975,-0.3380467494834793,0.0303551013373167,0.0505428604158395,0.2732312961117544,-2.428760260810931,1.5588994828934168,-0.7820157008848647,1,1
-0.4723426401682528,-0.7288155252362811,-0.7378063230712658,-0.5283622494715786,0.392600736557975,9.49097725503348,-0.5544873301529852,4.096297285419933,-2.522835634098532,0.41173269183271,-0.6414781780182107,-0.7820157008848647,1,0
-0.4723426401682528,-0.7288155252362811,1.2447454597110414,-0.5283622494715786,0.392600736557975,-0.0592161603592252,0.1579259942881253,0.4670175806368492,0.2732312961117544,0.41173269183271,1.5588994828934168,-0.7820157008848647,0,1
-0.4723426401682528,-0.7288155252362811,-0.7378063230712658,1.892640893629536,0.392600736557975,-0.4920424920080379,0.7451625176032415,-0.2112412494373664,-2.522835634098532,0.41173269183271,-0.6414781780182107,-0.7820157008848647,1,1
-0.4723426401682528,-0.7288155252362811,-0.7378063230712658,1.892640893629536,0.392600736557975,-0.5030187842943628,-0.0359954435218168,-0.6039174142171756,0.2732312961117544,0.41173269183271,-0.6414781780182107,-0.7820157008848647,0,0
-0.4723426401682528,-0.7288155252362811,-0.7378063230712658,1.892640893629536,0.392600736557975,-0.4111128145536422,0.4004132948300108,0.1100392490188409,0.2732312961117544,0.41173269183271,1.5588994828934168,-0.7820157008848647,0,0
-0.4723426401682528,-0.7288155252362811,-0.7378063230712658,-0.5283622494715786,0.392600736557975,-0.3794945397587062,0.2013616602526098,-0.1160470276725642,0.2732312961117544,-2.428760260810931,-0.6414781780182107,1.2787467040220322,1,1
-0.4723426401682528,-0.7288155252362811,0.2534695683198878,-0.5283622494715786,0.392600736557975,0.0158158078069958,-0.1235508016864469,0.2885284148278451,0.2732312961117544,0.41173269183271,1.5588994828934168,-0.7820157008848647,0,0
-0.4723426401682528,1.372089322158445,0.2534695683198878,1.892640893629536,-2.5471169737663755,-0.2212393405260215,0.2752364937040163,0.1457370821806418,0.2732312961117544,-2.428760260810931,-0.6414781780182107,-0.7820157008848647,1,1
-0.4723426401682528,-0.7288155252362811,2.236021351102195,1.892640893629536,0.392600736557975,-0.106234009406617,-0.5544873301529852,-0.6039174142171756,0.2732312961117544,-2.428760260810931,-0.6414781780182107,1.2787467040220322,1,1
-0.4723426401682528,-0.7288155252362811,0.2534695683198878,-0.5283622494715786,0.392600736557975,-0.1835595311849061,0.4715520233387727,0.3123269702690456,-4.014071330210684,0.41173269183271,1.5588994828934168,-0.7820157008848647,1,1
